storyId	lineId	lineType	speakerId	text	backgroundId	characterId	expressionId	illustrationId	speakerRaw	sceneNote
STORY_PROLOGUE_01	1	NARRATION		칠흑 같은 어둠 속, 심장 박동처럼 둥, 둥, 무거운 베이스 소리가 울려 퍼졌다.						#0. 자정의 오페라(미래) / [장소: 특설 무대] / [시간: 00:00]
STORY_PROLOGUE_01	2	NARRATION		일순간 수천 개의 초가 켜지며 거대한 공연장을 밝혔다. 무대 위, 검은 제복을 입은 V.E.L.O 다섯 멤버가 압도적인 포스를 뿜어내며 서 있었다.						
STORY_PROLOGUE_01	3	MONOLOGUE	CHAR_P	아이돌의 어원은 우상, 혹은 신에게 바치는 제물이다. 인간 세상은 한때 이 아이들을 쓰레기통에 처박았지만...		CHAR_P			P(독백)	
STORY_PROLOGUE_01	4	NARRATION		무대가 폭발하듯 클라이맥스로 치달았다. 메인 보컬 리아의 고음이 터져 나오자, 객석을 가득 메운 영령 관객들이 기괴하고도 열광적인 환호를 쏟아냈다.						
STORY_PROLOGUE_01	5	NARRATION		끼아아아아악-!!						
STORY_PROLOGUE_01	6	NARRATION		뼈가 울리는 듯한 소름 돋는, 그러나 미친 듯이 열광적인 환호성이었다.						
STORY_PROLOGUE_01	7	NARRATION		그 환호성은 단순한 소리가 아니었다.						
STORY_PROLOGUE_01	8	NARRATION		객석에서 터져 나온 영령들의 폭발적인 열광이 짙고 푸른 아지랑이와 입자가 되어 허공으로 솟아오르기 시작했다. 거대한 돔 공연장 전체가 기괴하고도 아름다운 영적인 에너지로 일렁였다.						
STORY_PROLOGUE_01	9	DIALOGUE	CHAR_MUMYEONG	(VIP 발코니에서 샴페인 잔을 든 채) 훌륭하군요, P 씨. 인간의 얄팍한 자본 따위로는 절대 만들어낼 수 없는 완벽한 열광입니다.		CHAR_MUMYEONG			무명	
STORY_PROLOGUE_01	10	NARRATION		허공을 맴돌던 푸른 입자들이 마치 마법처럼 무명의 샴페인 잔 속으로 회오리치듯 빨려 들어갔다. 무명이 잔 속에 담긴 영롱한 빛을 음미하듯 입꼬리를 올린다.						
STORY_PROLOGUE_01	11	DIALOGUE	CHAR_MUMYEONG	저, 질 좋고 묵직한 '공명'의 냄새를 맡아보시죠.		CHAR_MUMYEONG			무명	
STORY_PROLOGUE_01	12	DIALOGUE	CHAR_P	(난간에 기대어 무대 아래를 내려다보며 피식 웃는다) 당연하지. 내 새끼들 무대 씹어먹는 실력 하나는 이승 저승 통틀어 최고니까.		CHAR_P			P	
STORY_PROLOGUE_01	13	MONOLOGUE	CHAR_P	얄팍한 자본이 지배하는 이승의 무대에서 쫓겨난 우리는, 가장 어두운 저승의 밑바닥을 딛고 올라가 다시 이승마저 완벽하게 집어삼키기로 했다. 산 자와 죽은 자 모두를 홀려버릴 세상에서 가장 화려하고 기괴한 괴담(怪談), 그게 바로 우리다.		CHAR_P			P(독백)	
STORY_PROLOGUE_01	14	NARRATION		무대 위에서 멤버들이 화려한 엔딩 포즈를 취하는 순간.						
STORY_PROLOGUE_01	15	NARRATION		삐이이익-!!						
STORY_PROLOGUE_01	16	NARRATION		고막을 찢는 날카로운 마이크 하울링 소리와 함께 지직거리는 기괴한 노이즈가 일며, 스위치를 끄듯 세상이 완벽한 암흑으로 변했다.						
STORY_PROLOGUE_02	1	NARRATION		쾅-!!						#1. 흑백의 성벽, 그리고 컨베이어 벨트 위의 사형 선고(과거/흑백) / [장소: S-Tier 엔터테인먼트 최상층 임원 회의실] / [시간: 1년 전 겨울]
STORY_PROLOGUE_02	2	NARRATION		육중한 철제 문이 파열음을 내며 열려 젖혀졌다.						
STORY_PROLOGUE_02	3	NARRATION		온기라고는 단 1도 존재하지 않는 삭막한 무채색의 공간. 거대한 흑요석 테이블을 중심으로 날카로운 직선 형태의 의자들이 도열해 있고, 잿빛 벽면을 타고 흐르는 서늘한 백색 조명은 마치 단두대의 칼날 같았다.						
STORY_PROLOGUE_02	4	NARRATION		그 숨 막히는 철옹성의 상석에, 오늘부로 P를 밀어내고 ‘수석 프로듀서’ 배지를 꿰찬 강주희가 다리를 꼬고 앉아 있었다. 그녀의 우측에는 담배를 피고 있는 다혈질의 김 전무가, 좌측에는 찻잔을 든 최 상무가 나란히 앉아 있었다.						
STORY_PROLOGUE_02	5	NARRATION		넥타이가 풀어진 채 짐승처럼 헐떡이며 들어선 P를 향해, 주희가 테이블 위로 태블릿을 툭 던졌다.						
STORY_PROLOGUE_02	6	DIALOGUE	CHAR_JUHUI	노크 좀 해. 천박하게.		CHAR_JUHUI			주희	
STORY_PROLOGUE_02	7	DIALOGUE	CHAR_P	(테이블을 양손으로 내리치며) 강주희. 데뷔 일주일 앞둔 애들을 오늘 아침에 엎어버린 것도 모자라서, 위약금이 4억 8천? 심지어 스폰서 루머 찌라시까지 네가 돌렸지?		CHAR_P			P	
STORY_PROLOGUE_02	8	DIALOGUE	CHAR_JUHUI	목소리 낮춰. 우린 계량된 인형을 조립해 파는 공장이야. 내 첫 수석 런칭작에 네 냄새가 잔뜩 밴 불량품들을 올릴 순 없잖아? 라인에서 빼서 갈아 끼우는 건 당연한 수순이야.		CHAR_JUHUI			주희	
STORY_PROLOGUE_02	9	DIALOGUE	CHAR_P	불량품?! 과거에 갇혀서 숨도 못 쉬던 나한테 억지로 그 아이들 떠맡긴 건 당신들이잖아! 3년 동안 애들 발톱이 빠지도록 빚어놨더니, 이제 와서 폐기해?!		CHAR_P			P	
STORY_PROLOGUE_02	10	NARRATION		그때, 찻잔을 내려놓은 최 상무가 인자하고 부드러운 목소리로 입을 열었다.						
STORY_PROLOGUE_02	11	DIALOGUE	CHAR_DIRECTOR_CHOI	P. 무언가 단단히 오해를 하고 있네. 우리가 3년 전, 그 안타까운 옥상 투신사고 이후로 망가져 있던 자네에게 그 아이들을 맡긴 건... 일종의 ‘재활 장난감’이었어.		CHAR_DIRECTOR_CHOI			최 상무	
STORY_PROLOGUE_02	12	DIALOGUE	CHAR_P	...뭐?		CHAR_P			P	
STORY_PROLOGUE_02	13	DIALOGUE	CHAR_DIRECTOR_CHOI	우리 S-Tier에겐 자네 같은 천재 프로듀서가 필요하니까. 상처가 곪기 전에 소꿉장난이라도 하면서 치유하라는 배려였지. 이제 훌륭하게 극복했으니, 쓸모를 다한 장난감은 치우는 게 맞지 않나?		CHAR_DIRECTOR_CHOI			최 상무	
STORY_PROLOGUE_02	14	NARRATION		가장 점잖고 우아한 말투였으나, 그 내용은 누구보다 악마 같았다. 아이들이 고작 자신의 치유용 장난감으로 쓰이고 버려졌다는 사실에 P의 머릿속이 하얗게 탈색되었다.						
STORY_PROLOGUE_02	15	DIALOGUE	CHAR_DIRECTOR_KIM	(재떨이에 담배를 거칠게 비벼 끄며) 야, P. 네 재능 하나는 회장님도 인정하시니까 우리가 이만큼 참아준 거야. 그러니까 저번처럼 그냥 입 닥치고 못 본 척해. 어차피 며칠 전 투자자 룸에서 고분고분 술 한잔 안 따르고 분위기 씹창 낸 년들이잖아.		CHAR_DIRECTOR_KIM			김 전무	
STORY_PROLOGUE_02	16	DIALOGUE	CHAR_P	이 끔찍한 악마 새끼들...		CHAR_P			P	
STORY_PROLOGUE_02	17	DIALOGUE	CHAR_DIRECTOR_KIM	(몸을 숙여 P를 조롱하듯 쳐다보며) 왜? 이번에도 저년들 빚더미 못 이기고 옥상에서 뛰어내릴까 봐 쫄려? 야, 저번처럼 바닥에 피떡 돼서 널브러지면 그거 치우고 기사 막는 것도 다 돈이야. 목줄 꽉 쥐고 있어.		CHAR_DIRECTOR_KIM			김 전무	
STORY_PROLOGUE_02	18	NARRATION		쿵-.						
STORY_PROLOGUE_02	19	NARRATION		수년 전, 옥상에서 허공으로 몸을 던지던 P의 첫 번째 아이돌의 창백한 얼굴이 시야를 덮치며 숨이 턱 막혀왔다.						
STORY_PROLOGUE_02	20	NARRATION		손톱이 손바닥을 파고들어 피가 맺혔지만, 흑요석처럼 단단하게 뭉친 자본의 폭력 앞에서는 그 어떤 비명도 무력했다.						
STORY_PROLOGUE_02	21	NARRATION		위이잉-						[장소: S-Tier 엔터테인먼트 지하 1층 제1 연습실] / [시간: 같은 날]
STORY_PROLOGUE_02	22	NARRATION		지옥에서 도망치듯 내려온 지하 1층. 먼지 한 톨 허락하지 않는 공기청정기의 모터 소리만이 무겁게 맴도는 새하얀 공간.						
STORY_PROLOGUE_02	23	NARRATION		차갑고 시린 백색 LED 조명이 정육점의 쇼케이스처럼 무자비하게 쏟아져 내리는 완벽한 원목 바닥에는, [계약 해지 및 손해배상 청구서]가 흉물스럽게 뒹굴고 있었다.						
STORY_PROLOGUE_02	24	NARRATION		거울 벽에 주저앉아 있던 지우가 덜덜 떨리는 손으로 청구서를 쥔 채, 넋이 나간 P를 올려다보았다.						
STORY_PROLOGUE_02	25	DIALOGUE	CHAR_JIWOO	P... 이거 진짜예요? 4억 8천... 우리 엄마 떡볶이집 보증금이 3천인데... 우린 그냥 춤추고 노래한 것 밖에 없는데, 왜 이렇게 된 거예요...?		CHAR_JIWOO			지우	
STORY_PROLOGUE_02	26	DIALOGUE	CHAR_HANA	(귀를 틀어막은 채 횡설수설한다) 찌라시 다 돌았대요... 뒤에서 스폰서한테 몸 파는 애들이라고. 이 지하에서 3년 동안 죽어라 연습한 것 밖에 없는데... 왜 다들 우릴 쓰레기래... 흐윽...		CHAR_HANA			하나	
STORY_PROLOGUE_02	27	NARRATION		결벽증에 가깝던 콧대 높은 미나는, 바닥의 먼지가 옷에 묻는 것도 잊은 채 초점 잃은 눈으로 허공만 응시했다.						
STORY_PROLOGUE_02	28	DIALOGUE	CHAR_MINA	(허탈하게 웃으며) 끝났어. S-Tier가 작정하고 묻어버린 폐기물을 누가 주워가? 겨우 겨우 버틴 3년이, 그냥 쓰레기통에 처박힌 거야.		CHAR_MINA			미나	
STORY_PROLOGUE_02	29	DIALOGUE	CHAR_SEOYUN	(애써 웃어보려 하지만 눈물이 멈추지 않는다) 미나야, 그러지 마. P가 위층 다녀왔잖아. 어떻게든...		CHAR_SEOYUN			서윤	
STORY_PROLOGUE_02	30	DIALOGUE	CHAR_MINA	(악을 쓰며) 뭘 어떻게 해결해!! 임원들이 작정하고 짠 판인데, 일개 프로듀서가 무슨 수로 빚을 막고 우릴 살려!!		CHAR_MINA			미나	
STORY_PROLOGUE_02	31	NARRATION		미나의 비명이 텅 빈 연습실을 찢었다.						
STORY_PROLOGUE_02	32	NARRATION		리아가 창백해진 얼굴로 허벅지를 피가 나도록 꼬집으며 아이들을 끌어안았다.						
STORY_PROLOGUE_02	33	DIALOGUE	CHAR_RIA	다들 그만해... 내가 리더니까, 주희 프로듀서님 찾아가서 머리라도 박을게. 하라는 대로 다 할 테니까 딱 한 번만 살려달라고 빌게. 제발  ...		CHAR_RIA			리아	
STORY_PROLOGUE_02	34	NARRATION		고작 누군가의 '재활 장난감'으로 쓰이다 완벽하게 부서져 버린 아이들.						
STORY_PROLOGUE_02	35	NARRATION		소녀들은 조난자들처럼 바닥을 기다시피 다가가 P의 바짓단을 생명줄처럼 꽉 틀어쥐었다.						
STORY_PROLOGUE_02	36	DIALOGUE	CHAR_SEOYUN	(손아귀에 피가 통하지 않을 만큼 힘을 주며) P... 우리 정말 아무것도 안 했어. 룸에서 얌전히 안 굴었다고... 그 인형 같은 짓 안 하고 버틴 게, 왜 4억짜리 죽을죄가 되는 거야...?		CHAR_SEOYUN			서윤	
STORY_PROLOGUE_02	37	DIALOGUE	CHAR_JIWOO	(P의 다리를 꽉 끌어안고 오열한다) 살려주세요, P... 저 이 빚더미 안고 우리 엄마 얼굴 어떻게 봐요...		CHAR_JIWOO			지우	
STORY_PROLOGUE_02	38	DIALOGUE	CHAR_RIA	(눈물이 범벅이 된 채 애원한다) 저희 이대로 못 끝내요. P가 3년 동안 빚어준 우리 무대에, 딱 한 번만 서게 해주세요. 제발요...		CHAR_RIA			리아	
STORY_PROLOGUE_02	39	NARRATION		(왜? 저번처럼 옥상에서 뛰어내릴까 봐 쫄려? 못 본 척해.)						
STORY_PROLOGUE_02	40	NARRATION		김 전무가 뱉어냈던 쇳소리가 환청이 되어 P의 고막을 찔렀다.						
STORY_PROLOGUE_02	41	NARRATION		도살장에 갇힌 어린양들처럼 매달려 울부짖는 소녀들을 내려다보며, P는 억장이 무너져 내리는 듯 터진 입술을 짓씹었다. 거대한 벽에 부딪혀 갈 곳을 잃은 시선 아래로, 아이들의 뜨거운 눈물이 낡은 구두 위로 속절없이 쏟아져 내리고 있었다.						
STORY_PROLOGUE_03	1	NARRATION		쾅-!!						#2. 옥상 위의 데자뷔, 그리고 비로소 찾은 올바른 길 (과거/흑백) / [장소: S-Tier 엔터테인먼트 사옥 옥상] / [시간: 1년 전 겨울]
STORY_PROLOGUE_03	2	NARRATION		녹슨 옥상 철문이 비명을 지르며 열렸다.						
STORY_PROLOGUE_03	3	NARRATION		P는 마치 목이 졸린 사람처럼 거친 숨을 토해내며 칠흑 같은 옥상으로 걸어 나왔다. 살을 에는 듯한 매서운 자정의 칼바람이 뺨을 후려쳤지만, 그의 핏발 선 눈동자는 초점 없이 허공을 헤매고 있었다.						
STORY_PROLOGUE_03	4	NARRATION		P가 비틀거리다 옥상 난간을 부여잡고 짐승처럼 헛구역질을 쏟아냈다.						
STORY_PROLOGUE_03	5	NARRATION		(살려주세요... P... 제발 살려주세요...)						
STORY_PROLOGUE_03	6	NARRATION		고막을 찢을 듯한 이명이 울리며, 방금 전 지하 연습실에서 들었던 소녀들의 절규가 뇌리를 강타했다.						
STORY_PROLOGUE_03	7	NARRATION		구겨진 바짓단을 부여잡던 그 절박한 손아귀의 악력, 낡은 구두 위로 뚝뚝 떨어지던 뜨거운 눈물의 온도까지. 모든 감각이 소름 끼치도록 생생하게 남아 그의 숨통을 조였다.						
STORY_PROLOGUE_03	8	NARRATION		그런데 그 울음소리가 묘하게 뒤틀리기 시작했다.						
STORY_PROLOGUE_03	9	NARRATION		지우의 앳된 목소리 위로, 리아의 떨리는 애원 위로... 전혀 다른 누군가의 목소리가 거미줄처럼 엉겨 붙었다.						
STORY_PROLOGUE_03	10	NARRATION		(피디님... 저희 이제 어떡해요... 살려주세요...)						
STORY_PROLOGUE_03	11	NARRATION		3년 전. 회사의 폭력 앞에 내동댕이쳐졌을 때, 똑같이 자신의 바짓춤에 매달려 오열하던 '그 아이'의 목소리였다.						
STORY_PROLOGUE_03	12	NARRATION		끼기긱-						
STORY_PROLOGUE_03	13	NARRATION		등 뒤에서 낡은 철제 난간을 밟는 소리가 들렸다.						
STORY_PROLOGUE_03	14	NARRATION		주변의 공기가 순식간에 얼어붙으며, 차가운 서리 냄새와 비릿한 피 냄새가 코끝을 찔렀다.						
STORY_PROLOGUE_03	15	NARRATION		P가 숨을 멈추고 천천히 고개를 돌렸다.						
STORY_PROLOGUE_03	16	NARRATION		도심의 불빛조차 닿지 않는 먹먹한 어둠 속, 옥상 난간 끝에 앳된 소녀가 위태롭게 서 있었다.						
STORY_PROLOGUE_03	17	NARRATION		창백하게 질린 뺨, 텅 빈 잿빛 눈동자. 3년 전, 스스로 목숨을 끊었던 첫 번째 아이돌의 환영(幻影)이었다.						
STORY_PROLOGUE_03	18	DIALOGUE	CHAR_P	(사시나무처럼 떨리는 손을 뻗으며) 안...안 돼... 거기서 내려와...! 내가, 내가 다 잘못했어...!		CHAR_P			P	
STORY_PROLOGUE_03	19	NARRATION		소녀의 환영은 거센 바람에 금방이라도 부서질 듯 흔들리면서도, 무감각하고 슬픈 미소를 지어 보였다.						
STORY_PROLOGUE_03	20	DIALOGUE	CHAR_HWANYEONG	피디님 잘못이 아니에요. 그냥 이 거대한 세상이 나 같은 건 너무 쉽게 씹어 삼킬 수 있다는 걸... 이제야 알았을 뿐이야.		CHAR_HWANYEONG			환영	
STORY_PROLOGUE_03	21	NARRATION		휘이익-						
STORY_PROLOGUE_03	22	NARRATION		서늘한 그 한마디와 함께, 소녀가 허공으로 몸을 눕혔다.						
STORY_PROLOGUE_03	23	DIALOGUE	CHAR_P	안 돼-!!!		CHAR_P			P	
STORY_PROLOGUE_03	24	NARRATION		P가 비명을 지르며 난간으로 달려가 허공을 향해 손을 뻗었다. 하지만 손끝에 닿은 것은 차갑고 텅 빈 겨울 바람뿐이었다. 까마득한 바닥으로 곤두박질치던 소녀의 잔상이 P의 동공에 끔찍하게 각인되는 순간.						
STORY_PROLOGUE_03	25	NARRATION		파스슷-						
STORY_PROLOGUE_03	26	NARRATION		부러진 날개처럼 추락하던 소녀의 몸이, 바닥에 닿기 직전 수만 개의 새하얀 눈송이로 바스러졌다. 중력을 거스르듯 밤하늘로 흩날리던 은빛 눈송이들이 바람을 타고 솟구쳐올랐다.						
STORY_PROLOGUE_03	27	DIALOGUE	CHAR_HWANYEONG	그래서 이번에도... 도망치실 건가요?		CHAR_HWANYEONG			환영	
STORY_PROLOGUE_03	28	NARRATION		바람결에 섞인 바스락거리는 속삭임.						
STORY_PROLOGUE_03	29	NARRATION		소스라치게 놀란 P가 고개를 돌렸다. 허공을 맴돌던 눈송이들이 난간의 다른 한구석으로 소용돌이치며 모여들더니, 순식간에 엮여 다시 창백한 소녀의 형상으로 빚어졌다.						
STORY_PROLOGUE_03	30	NARRATION		소녀가 다시 허공으로 몸을 던졌다. 몸이 부서져 눈송이가 되고, 그 눈송이가 흩날려 P의 등 뒤에서 또 다른 소녀를 만들어냈다.						
STORY_PROLOGUE_03	31	NARRATION		눈송이가 되어 끝도 없이, 영원히 반복되는 끔찍하고도 기괴한 추락의 굴레. P가 구하지 못한 아이는 차가운 겨울의 환영이 되어 수십 번을 그의 눈앞에서 떨어져 내리고 있었다.						
STORY_PROLOGUE_03	32	DIALOGUE	CHAR_P	(차가운 옥상 바닥을 뒹굴며 귀를 틀어막고 절규한다) 아아아악!! 그만... 제발 그만해...!!		CHAR_P			P	
STORY_PROLOGUE_03	33	NARRATION		그것은 P가 3년 내내 매일 밤 겪어야 했던 지옥이었다.						
STORY_PROLOGUE_03	34	NARRATION		(저번처럼 못 본 척해.)						
STORY_PROLOGUE_03	35	NARRATION		김 전무의 환청이 징그럽게 파고들었다.						
STORY_PROLOGUE_03	36	NARRATION		바닥에 웅크린 P는 덜덜 떨리는 자신의 양손을 내려다보았다. 4억 8천만 원. 그리고 S-Tier라는 거대한 괴물. 이길 수 없는 싸움이었다. 또다시 실패한다면, 이번엔 자신의 전 재산과 영혼마저 길바닥에 나앉게 될 것이다.						
STORY_PROLOGUE_03	37	NARRATION		계란으로 바위를 치지 않는 것. 적당히 고개를 숙이고 내 살길을 찾는 것.						
STORY_PROLOGUE_03	38	NARRATION		그것이 어른의 '이성'이고 '합리'라고 스스로를 세뇌하며, P는 또다시 그 알량한 타협의 문손잡이를 쥐려 하고 있었다.						
STORY_PROLOGUE_03	39	NARRATION		그때였다.						
STORY_PROLOGUE_03	40	NARRATION		끝없이 눈송이로 부서지며 추락하던 환영이 뚝, 하고 멈췄다.						
STORY_PROLOGUE_03	41	NARRATION		바닥에 웅크려 덜덜 떠는 P의 눈앞에 낡은 운동화 코가 닿았다. 천천히 고개를 들자, 눈송이로 빚어진 소녀가 P를 가만히 내려다보고 있었다.						
STORY_PROLOGUE_03	42	NARRATION		죽기 직전의 그 텅 빈 눈동자가 아니라, 처음 P의 곡을 받고 무대에 설 수 있다며 세상을 다 가진 듯 기뻐하던 그 맑은 눈동자였다.						
STORY_PROLOGUE_03	43	DIALOGUE	CHAR_HWANYEONG	(P의 떨리는 손 위에 눈처럼 차가운 자신의 손을 포개며) 피디님. 어른의 이성이라는 변명 뒤에 숨는 건, 저 하나로 족하잖아요.		CHAR_HWANYEONG			환영	
STORY_PROLOGUE_03	44	DIALOGUE	CHAR_P	.......!		CHAR_P			P	
STORY_PROLOGUE_03	45	DIALOGUE	CHAR_HWANYEONG	피디님이 저 거대한 성벽을 부술 수 없다고 믿었기 때문에 제가 죽은 게 아니에요. 피디님이 질레 겁을 먹고 절 포기했기 때문에 죽은 거지.		CHAR_HWANYEONG			환영	
STORY_PROLOGUE_03	46	NARRATION		소녀의 목소리는 겨울바람보다 서늘했지만, 그 안에는 묘한 온기가 섞여 있었다. 포개어진 손등 위로 하얀 눈송이가 하나 둘 녹아내렸다.						
STORY_PROLOGUE_03	47	DIALOGUE	CHAR_HWANYEONG	저 지하에 있는 아이들마저 저처럼 영원히 추운 곳에 남겨둘 건가요? 피디님은 알잖아요. 이번엔 도망치는 게 아니라, 지키는 게 올바른 길이라는 걸.		CHAR_HWANYEONG			환영	
STORY_PROLOGUE_03	48	NARRATION		망치로 머리를 얻어맞은 듯한 충격이 P의 전신을 관통했다.						
STORY_PROLOGUE_03	49	NARRATION		그는 지금까지 S-Tier의 방식에 고개를 숙이는 것이 지혜로운 것이라 믿어왔다. 하지만 소녀의 말대로 그것은 이성이 아니라 비겁함이었고, 합리가 아니라 비열한 방관일 뿐이었다.						
STORY_PROLOGUE_03	50	NARRATION		마침내 P의 목을 3년 내내 조르고 있던 과거의 죄책감과 타협의 굴레가 툭, 하고 끊어졌다.						
STORY_PROLOGUE_03	51	NARRATION		공포에 억눌려 사시나무처럼 떨리던 P의 두 손이 기적처럼 멎었다. 바닥에 웅크리고 있던 그의 어깨가 천천히 펴지며, 어이없을 정도로 맑은 실소가 터진 입술 사이로 새어 나왔다.						
STORY_PROLOGUE_03	52	DIALOGUE	CHAR_P	(천천히 몸을 일으키며, 맑아진 눈으로 짙은 밤하늘을 응시한다) 그래... 이제야 알겠네. 썩어빠진 룰에 순응하는 게 똑똑한 게 아니라... 내 모든 걸 걸고 저 아이들을 지켜내는 게, 비로소 내가 가야 할 길이라는 걸.		CHAR_P			P	
STORY_PROLOGUE_03	53	NARRATION		P가 결연한 눈으로 고개를 돌리자, 환영 속의 소녀는 안도한 듯 가장 눈부신 미소를 지어 보였다.						
STORY_PROLOGUE_03	54	NARRATION		이내 소녀의 형상은 수많은 빛나는 눈송이가 되어 겨울밤의 허공으로 부드럽게 흩어져 내렸다. 그녀가 남긴 옅은 온기만이 P의 굳은살 박인 손끝에 미약하게 남아있었다.						
STORY_PROLOGUE_03	55	DIALOGUE	CHAR_P	(주먹을 꽉 쥐며 흩어지는 눈송이들을 향해 읊조린다) 이번엔 절대 안 뺏겨. 내 뼈와 살, 전재산을 다 뜯어 먹히는 한이 있더라도... 기필코 저 아이들을 세상에서 가장 높은 무대 위에 세우고, 반드시 성공시킨다.		CHAR_P			P	
STORY_PROLOGUE_03	56	NARRATION		자본이 만들어낸 가짜 이성의 끈이 타들어 가고, 비로소 무엇이 진짜 '선택'인지 깨달은 자의 눈동자가 어두운 겨울밤 속에서 서늘하게 빛났다.						
STORY_PROLOGUE_03	57	NARRATION		P는 흙투성이가 된 재킷을 거칠게 털어냈다. 그의 걸음에는 더 이상 과거에 갇힌 방관자의 망설임이나 두려움 따위는 한 점도 묻어 있지 않았다. 그는 오직 자신이 지켜야 할 다섯명의 아이들을 위해, 그리고 스스로 선택한 '올바른 길'을 걷기 위해 거대 자본의 심장부인 최상층 임원실을 향해 뚜벅뚜벅 걸음을 옮기기 시작했다.						
STORY_PROLOGUE_04	1	NARRATION		달칵, 끼이익-						#3. 찢겨진 목줄, 그리고 기꺼이 짊어진 십자가 (과거/흑백) / [장소: S-Tier 엔터테인먼트 최상층 최고 임원 회의실] / [시간: 1년 전 겨울]
STORY_PROLOGUE_04	2	NARRATION		P가 짐승처럼 부수고 들어왔던 육중한 철제 문이, 이번에는 기괴할 정도로 차분하고 느릿하게 열렸다.						
STORY_PROLOGUE_04	3	NARRATION		무채색의 삭막한 회의실. 코냑 잔을 부딪치며 거치적거리는 불량품 폐기의 성공을 자축하던 임원들의 시선이 일제히 문가로 향했다.						
STORY_PROLOGUE_04	4	NARRATION		그곳에 P가 서 있었다.						
STORY_PROLOGUE_04	5	NARRATION		분노와 공포에 질려 헐떡이던 패잔병의 모습은 온데간데없었다. 흙투성이가 된 낡은 재킷 위로 옥상의 차가운 눈송이가 녹아내리고 있었지만, 그의 눈동자만큼은 그 어느 때보다 서늘하고 완벽하게 가라앉아 있었다. 마치 지옥의 밑바닥에서 기어올라온 야차처럼, 고요해서 더욱 소름 끼치는 살기가 그의 전신을 감싸고 있었다.						
STORY_PROLOGUE_04	6	NARRATION		P는 임원들의 짜증 섞인 시선에도 아랑곳하지 않고, 젖은 구두를 끌며 뚜벅뚜벅 흑요석 테이블로 다가갔다. 그리고 안주머니에서 구겨진 대형 서류 봉투 하나를 꺼내 테이블 위로 무심하게 던졌다.						
STORY_PROLOGUE_04	7	NARRATION		툭, 투둑-						
STORY_PROLOGUE_04	8	NARRATION		봉투가 터지며 쏟아진 서류들이 차가운 테이블 위를 수놓았다.						
STORY_PROLOGUE_04	9	NARRATION		P의 아파트 전세금 반환 영수증, 주식 매도 내역서, 인감도장. 그리고... S-Tier 소속으로 발매했던 그의 수많은 히트곡들에 대한 '저작권료 전액 양도 증서'였다.						
STORY_PROLOGUE_04	10	DIALOGUE	CHAR_P	(건조하고 텅 빈 목소리로) 4억 8천만 원. 1원 한 푼 안 틀리고 딱 맞게 채웠어. 위약금 전액 다 털었으니까, 오늘부로 내 애들 계약 해지해.		CHAR_P			P	
STORY_PROLOGUE_04	11	DIALOGUE	CHAR_JUHUI	(서류를 훑어보던 눈이 미세하게 커지며 P를 올려다본다) 너... 지금 돌았어? 네 인생 전부를 시궁창에 처박겠다고?		CHAR_JUHUI			주희	
STORY_PROLOGUE_04	12	DIALOGUE	CHAR_P	어. 내 새끼들 장난감 취급한 대가 치곤 꽤 헐값이잖아.		CHAR_P			P	
STORY_PROLOGUE_04	13	NARRATION		P가 몸을 돌려 나가려 하자, 여유롭게 잔을 쥐고 있던 최 상무의 얼굴에서 온화한 가면이 와장창 깨져나갔다.						
STORY_PROLOGUE_04	14	DIALOGUE	CHAR_DIRECTOR_CHOI	(탁자를 거칠게 내리치며) 거기서 P! 애들 계약해지는 그렇다 치고, 자네는 어쩔 건가? 자네 프로듀서 전속 계약, 아직 2년이나 남았어. S-Tier의 간판인 자네가 갑자기 나가면 우리 주가와 라인업에 차질이 생기는 건 계산 안 해봤나?!		CHAR_DIRECTOR_CHOI			최 상무	
STORY_PROLOGUE_04	15	NARRATION		아이들을 쓰레기 취급하며 버릴 때는 언제고, 황금알을 낳는 거위인 P만큼은 절대 놓아줄 수 없다는 거대 자본의 역겨운 탐욕이었다.						
STORY_PROLOGUE_04	16	DIALOGUE	CHAR_DIRECTOR_KIM	(핏대를 세우며 으르렁거린다) 이 미친 새끼가 헛바람이 단단히 들었네! 야, 네가 쓴 곡들 다 우리 회사 자본이랑 인프라로 뜬 거야! 너 혼자 덜렁 나가서 저 꼬리표 달린 쓰레기 년들 데리고 뭘 할 수 있는데? 계약 위반으로 너까지 소송 걸어서 평생 빚더미에 썩게 만들어줄까?!		CHAR_DIRECTOR_KIM			김 전무	
STORY_PROLOGUE_04	17	DIALOGUE	CHAR_JUHUI	(김 전무를 만류하며, P를 향해 나직하게 회유한다) 현실을 직시해, P. 넌 천재야. 저런 흠집 난 불량품들한테 발목 잡히기엔 네 재능이 너무 아깝잖아. 내가 수석 달고 런칭하는 첫 프로젝트, 네가 메인 디렉터 맡아. 그럼 이번 하극상은 내 선에서 눈감아 줄게. 저 위약금 봉투도 못 본 걸로 덮어줄 테니까, 짐 싸지 말고 제자리에 앉아.		CHAR_JUHUI			주희	
STORY_PROLOGUE_04	18	NARRATION		회유와 협박, 그리고 달콤한 타협안.						
STORY_PROLOGUE_04	19	NARRATION		보통의 인간이라면 그 거대한 권력과 자본의 무게에 짓눌려 다시 한번 무릎을 꿇었을 것이다. 하지만 P는 천천히 상체를 숙여 흑요석 테이블에 양손을 짚었다. 그리고 김 전무와 주희의 얼굴을 번갈아 쳐다보며, 피가 맺힌 입술을 비틀어 기괴한 미소를 지었다.						
STORY_PROLOGUE_04	20	DIALOGUE	CHAR_P	봉투 안에 서류, 끝까지 안 읽었나 보네. 내 프로듀서 전속 계약 해지 위약금까지 전부 그 안에 털어 넣었어. 내 숨통 쥐고 흔들던 당신들의 그 빌어먹을 목줄, 내가 내 전 재산 털어서 스스로 찢어버렸다고.		CHAR_P			P	
STORY_PROLOGUE_04	21	DIALOGUE	CHAR_DIRECTOR_CHOI	(당황하며 서류를 뒤적인다) 뭐... 뭐...?		CHAR_DIRECTOR_CHOI			최 상무	
STORY_PROLOGUE_04	22	DIALOGUE	CHAR_P	이제 나도, 저 아이들도 S-Tier랑은 1원 한 푼 엮일 일 없는 남이야. 당신들이 만들어 놓은 이 구역질 나는 룰 안에서 내 아이들을 잃느니, 차라리 내가 저 바닥의 진흙탕을 기면서 직접 무대를 만들 거야. 그러니까 두 번 다시 내 새끼들한테 그 더러운 손 대지 마.		CHAR_P			P	
STORY_PROLOGUE_04	23	NARRATION		한 치의 흔들림도 없는, 광기에 가까운 맹목적인 신념.						
STORY_PROLOGUE_04	24	NARRATION		자본과 권력으로 모든 것을 통제할 수 있다고 믿었던 임원들은, 억만금을 내어주고 기꺼이 사지로 걸어 나가는 이 통제 불능의 '괴물' 앞에서 처음으로 서늘한 오한을 느꼈다.						
STORY_PROLOGUE_04	25	DIALOGUE	CHAR_DIRECTOR_KIM	(떨리는 목소리로 악을 쓴다) 그래, 나가! 나가서 업계 바닥에서 어떻게 짓밟히고 생매장당하는지 똑똑히 보여줄 테니까!!		CHAR_DIRECTOR_KIM			김 전무	
STORY_PROLOGUE_04	26	DIALOGUE	CHAR_P	(회의실 문을 열며 서늘하게 읊조린다) 밖에서 굶어 죽든, 지옥에 떨어져서 악마한테 영혼을 팔든 내가 알아서 해.		CHAR_P			P	
STORY_PROLOGUE_04	27	NARRATION		그 살벌한 한마디를 끝으로, P는 미련 없이 철제 문을 나섰다.						
STORY_PROLOGUE_04	28	NARRATION		세상 모두가 소녀들을 불량품이라 부르며 쓰레기통에 처박을 때.						
STORY_PROLOGUE_04	29	NARRATION		어른의 합리와 이성이라는 역겨운 타협을 던져버리고, 오직 자신을 맹신하는 아이들을 위해 기꺼이 피투성이 방패가 되어 지옥으로 걸어 들어간 사람. 그의 등 뒤로 임원들의 쌍욕과 유리가 깨지는 파열음이 울려 퍼졌지만, P의 걸음은 기꺼이 스스로 십자가를 짊어진 순교자의 행진처럼 거침없었다.						
STORY_PROLOGUE_04	30	NARRATION		위이잉-						[장소: S-Tier 엔터테인먼트 지하 1층 제1 연습실] / [시간: 같은 날]
STORY_PROLOGUE_04	31	NARRATION		다시 돌아온 새하얀 지하 연습실.						
STORY_PROLOGUE_04	32	NARRATION		아이들은 P가 돌아올 때까지 꼼짝도 하지 못한 채 바닥에 서로를 부둥켜안고 웅크려 있었다. 차가운 문이 열리고 흙투성이가 된 P가 들어서자, 다섯 소녀의 절망적인 시선이 일제히 그를 향했다.						
STORY_PROLOGUE_04	33	DIALOGUE	CHAR_RIA	(덜덜 떨리는 목소리로) P... 주희 수석님이... 뭐래요...? 저희 진짜 이대로 끝나는 거예요...?		CHAR_RIA			리아	
STORY_PROLOGUE_04	34	NARRATION		P는 굳어있는 아이들에게 뚜벅뚜벅 다가갔다. 그리고 무릎을 굽혀 바닥에 주저앉더니, 피가 나도록 자신의 허벅지를 꼬집고 있는 리아의 손을 다정하게 떼어내고, 지우의 눈물 젖은 뺨을 거친 손으로 닦아냈다.						
STORY_PROLOGUE_04	35	DIALOGUE	CHAR_P	(세상에서 가장 평온한 목소리로) 그만 울어.		CHAR_P			P	
STORY_PROLOGUE_04	36	DIALOGUE	CHAR_JIWOO	(딸꾹질을 하며 P를 올려다본다) P...		CHAR_JIWOO			지우	
STORY_PROLOGUE_04	37	DIALOGUE	CHAR_P	다들 일어나서 짐 싸. 당장.		CHAR_P			P	
STORY_PROLOGUE_04	38	DIALOGUE	CHAR_MINA	(멍한 눈으로) 짐을... 싸요? 위약금은 어떡하고... 쫓겨나기라도 하는...		CHAR_MINA			미나	
STORY_PROLOGUE_04	39	NARRATION		모두가 숨을 죽인 채 P의 입술만 바라보는 순간.						
STORY_PROLOGUE_04	40	NARRATION		P가 아이들을 향해 따뜻하고도 단단한 미소를 지어 보였다.						
STORY_PROLOGUE_04	41	DIALOGUE	CHAR_P	아니. 이딴 썩어빠진 공장, 우리가 먼저 부수고 나가는 거야. 위약금은 내가 다 털었으니까, 너희는 이제부터 S-Tier의 부속품이 아니라 오롯이 내 가수야.		CHAR_P			P	
STORY_PROLOGUE_04	42	DIALOGUE	CHAR_SEOYUN	(눈을 동그랗게 뜨며) 어...? P, 그 엄청난 빚을... 대체 어떻게...		CHAR_SEOYUN			서윤	
STORY_PROLOGUE_04	43	DIALOGUE	CHAR_P	그런 건 몰라도 돼. 너희들은 그냥 춤추고 노래할 준비만 해. 조금 돌아가더라도... 내가 기필코 너희들 세상에서 제일 빛나는 무대 위에 세워줄 테니까.		CHAR_P			P	
STORY_PROLOGUE_04	44	NARRATION		그 선언은 칠흑 같은 절망 속에 갇혀 있던 소녀들에게 내려온 동아줄이자, 완벽한 구원이었다.						
STORY_PROLOGUE_04	45	NARRATION		억눌려 있던 아이들의 울음이 한꺼번에 터져 나왔다. 다섯 명의 소녀들은 P의 품으로 무너지듯 안겨들어 엉엉 소리 내어 오열하기 시작했다. P는 눈송이와 흙으로 엉망이 된 팔을 뻗어, 자신을 믿고 기꺼이 벼랑 끝으로 뛰어내린 다섯 명의 작은 어깨를 부서질 듯 꽉 끌어안았다.						
STORY_PROLOGUE_04	46	NARRATION		아이들의 뜨거운 눈물이 P의 낡은 재킷을 적셨다. 비록 당장 내일부터 아무도 불러주지 않는 험난한 길거리로 나앉게 된 처지였지만, 적어도 이 좁은 연습실 안에서 서로의 체온을 나누는 지금, 이 순간만큼은, 이 거대하고 잔혹한 세상도 그들을 꺾을 수 없을 것처럼 보였다.						
STORY_PROLOGUE_05	1	NARRATION		(BGM: 희망차지만 어딘가 위태로운 피아노 선율 / 낮게 깔리는 시계 소리)						#4. 컷씬 : 빛바랜 낙원, 그리고 현실 (독립 후 1년/흑백) / [시간: 과거 → 현재 (독립 후 1년의 기록)]
STORY_PROLOGUE_05	2	NARRATION		[컷 1]						
STORY_PROLOGUE_05	3	NARRATION		[컷 2]						[일러스트] 살인적인 이자율이 적힌 제2금융권 대출 서류. 그 위로 핏발 선 눈을 한 P의 거친 손이 인감도장을 ‘쾅-’ 하고 자비 없이 찍어 누르는 클로즈업.
STORY_PROLOGUE_05	4	NARRATION		[컷 3]						[일러스트] 곰팡이가 핀 허름한 지하 연습실. 수십만 원짜리 트레이닝복 대신 만 원짜리 헐렁한 단체 티셔츠를 입은 다섯 소녀가, 얼굴에 페인트를 묻혀가며 직접 벽을 하얗게 칠하고 환하게 웃고 있다. / [일러스트] 낡은 시멘트 바닥에 옹기종기 모여 앉아, 컵라면 두 개를 다섯 명이서 나눠 먹는 아이들. 비록 초라한 식사지만 데뷔를 향한 순수한 희망으로 아이들의 눈동자만큼은 눈부시게 반짝인다.
STORY_PROLOGUE_05	5	NARRATION		[컷 4]						[일러스트] 방송국 복도. P가 지나가는 음악방송 PD에게 허리가 끊어질 듯 90도로 굽혀 인사하며, 자체 제작한 조잡한 타이틀곡 CD를 양손으로 내밀고 있다. 난처한 표정의 PD는 손사래를 치며 외면한다. / [일러스트] 방송국 구석 쓰레기통. 방금 전 P가 건넸던, 소녀들이 환하게 웃고 있는 앨범 재킷이 쓰레기들과 함께 처박혀 있다. 그 바로 옆에 우두커니 멈춰 선 P의 낡고 흙 묻은 구두 코.
STORY_PROLOGUE_05	6	NARRATION		[컷 5]						[일러스트] P의 책상 위로 눈덩이처럼 쌓인 공과금 체납 고지서들. 그 배경으로, 낡은 스피커와 앰프 위에 법원 집행관이 들이닥쳐 시뻘건 [압류] 딱지를 무자비하게 붙이는 삭막한 손길.
STORY_PROLOGUE_05	7	NARRATION		(BGM: 희망찼던 피아노 선율이 서서히 기괴하고 무거운 베이스음으로 변주되며 페이드 아웃-)						[일러스트] 차가운 바닥에 서로 부둥켜안고 지쳐 잠든 다섯 소녀. 아이들에게 자신의 낡은 재킷을 덮어주는 P.
STORY_PROLOGUE_06	1	NARRATION		위이잉, 탁. 위이잉, 탁.						#5. 붉은 낙인, 7,420원의 현실과 부서지지 않는 것들 / [장소: P의 낡은 지하 사옥 - P의 집무실 겸 창고] / [시간: 오후 01:00]
STORY_PROLOGUE_06	2	NARRATION		수명을 다한 낡은 선풍기가 털털거리며 눅눅한 더운 바람을 토해내고 있었다.						
STORY_PROLOGUE_06	3	NARRATION		두 평 남짓한 비좁은 집무실. 장마철의 묵은내가 밴 잿빛 벽면과 책상 위로, 세상에서 가장 폭력적이고 선명한 붉은색이 덕지덕지 피어 있었다.						
STORY_PROLOGUE_06	4	NARRATION		[압류 (押留)]						
STORY_PROLOGUE_06	5	NARRATION		법원 집행관들이 구둣발로 짓밟고 간 자리에 남겨진 시뻘건 사형 선고들.						
STORY_PROLOGUE_06	6	NARRATION		그 흉측한 종이들 사이에 파묻힌 채, P는 두 손에 얼굴을 묻고 책상에 엎드려 있었다. 그의 손가락 사이로 구겨진 서류들과 인쇄된 이메일들이 핏자국처럼 처참하게 흩어져 있었다.						
STORY_PROLOGUE_06	7	NARRATION		[발신: ABC 방송국 PD]						
STORY_PROLOGUE_06	8	NARRATION		피디님. 이번 '드림 라이브' 오프닝 무대 건, 엎어야겠습니다. S-Tier 쪽에서 피디님 애들 무대에 올리면 자사 아이돌 전원 철수시키겠다고 엄포를 놔서요. 당분간은 연락 삼가주십시오.						
STORY_PROLOGUE_06	9	NARRATION		[발신: 송탄 지역 축제 위원회]						
STORY_PROLOGUE_06	10	NARRATION		계약 취소 통보서. 위약금은 저희가 물겠습니다.						
STORY_PROLOGUE_06	11	NARRATION		호기롭게 거대 자본의 뺨을 치고 나온 지 1년.						
STORY_PROLOGUE_06	12	NARRATION		P는 자신의 곡과 아이들의 땀방울만 있다면 굳게 닫힌 세상의 문도 비집고 열릴 거라 믿었다. 하지만 자본이 쳐놓은 장벽은 상상 이상으로 촘촘하고 잔인했다.						
STORY_PROLOGUE_06	13	NARRATION		S-Tier는 단지 아이들을 버린 것에서 끝나지 않고, 업계 전체의 공기를 틀어쥐었다. 예능, 음악 방송, 심지어 흙먼지 날리는 시골 장터 무대까지. 방송국 윗선들은 황금알을 낳는 S-Tier의 심기를 거스르느니, 이름 없는 신인 다섯 명의 숨통을 조용히 끊어놓는 쪽을 택했다.						
STORY_PROLOGUE_06	14	NARRATION		곡이 아무리 좋아도 세상에 들려줄 '스피커' 자체가 거세당한 1년.						
STORY_PROLOGUE_06	15	NARRATION		위약금으로 전 재산을 털어 넣고 사채까지 끌어다 쓴 회사는 결국 파산 직전까지 몰렸다.						
STORY_PROLOGUE_06	16	NARRATION		웅- 웅-						
STORY_PROLOGUE_06	17	NARRATION		액정이 거미줄처럼 금이 간 스마트폰이 짧게 진동했다.						
STORY_PROLOGUE_06	18	NARRATION		[계좌 잔액: 7,420원]						
STORY_PROLOGUE_06	19	NARRATION		내일 당장 아이들 입에 밀어 넣을 편의점 도시락 몇 개 사면 바닥을 드러낼 돈.						
STORY_PROLOGUE_06	20	NARRATION		P는 실핏줄이 터진 눈으로 그 건조한 숫자를 노려보다가, 이내 짐승처럼 앓는 소리를 내며 제 머리카락을 쥐어뜯었다.						
STORY_PROLOGUE_06	21	NARRATION		자신이 내린 호기로운 결정이, 결국 아이들을 세상에서 가장 캄캄한 심연으로 끌고 들어온 것은 아닐까. 지독한 자기혐오가 목을 졸랐다.						
STORY_PROLOGUE_06	22	NARRATION		그때였다.						
STORY_PROLOGUE_06	23	NARRATION		쿵! 타닥, 쿵-!!						
STORY_PROLOGUE_06	24	NARRATION		얇은 합판 문 너머로, 묵직한 진동과 함께 거친 마찰음이 밀려오기 시작했다.						
STORY_PROLOGUE_06	25	NARRATION		P는 붉어진 눈을 들어 낡은 블라인드 틈새로 연습실을 내다보았다.						
STORY_PROLOGUE_06	26	NARRATION		압류 딱지가 붙어 사용할 수 없는 앰프 대신, 바닥에 엎어진 스마트폰에서 조악한 비트가 흘러나오고 있었다. 그리고 그 찢어지는 듯한 소리 위로, 땀으로 흠뻑 젖은 다섯 소녀가 바닥을 부술 듯이 스텝을 밟고 있었다.						
STORY_PROLOGUE_06	27	NARRATION		전신 거울의 정중앙. 흉물스럽게 붙어있는 시뻘건 [압류] 딱지가 시야를 난도질하고 있었지만, 아이들의 대형은 한 치의 흔들림도 없었다.						
STORY_PROLOGUE_06	28	DIALOGUE	CHAR_MINA	(가쁜 숨을 내쉬며 날카롭게 짚어낸다) 야, 서윤. 너 방금 턴 돌 때 팔 각도 미세하게 틀어진 거 알아? 저 흉측한 빨간 딱지 때문에 거울 안 보인다고 대충 넘길 생각 마. 동선은 거울 안 보고도 맞아야지.		CHAR_MINA			미나	
STORY_PROLOGUE_06	29	DIALOGUE	CHAR_SEOYUN	(땀에 젖은 앞머리를 펄럭이며 억울한 척) 아, 미안 미안. 아니, 근데 내 변명 좀 들어봐. 저 빨간 딱지가 거울 정중앙에 있잖아? 딱 내 미간 위치란말이야. 제 3의 눈이 열려야 할 통로를 저 뻘건 종이가 콱 틀어막고 있으니까 내 기가 탁 막혀서 균형을 잃...		CHAR_SEOYUN			서윤	
STORY_PROLOGUE_06	30	DIALOGUE	CHAR_MINA	(관자놀이를 꾹 누르며 깊은 한숨을 쉰다) 하... 진짜 돌겠네. 내가 네 제 3의 눈 파버리기 전에 코어 딱 잡아. 먼지 날리니까 잔발 굴리지말고.		CHAR_MINA			미나	
STORY_PROLOGUE_06	31	DIALOGUE	CHAR_SEOYUN	(아랑곳하지 않고 장난스럽게 거수경례를 하며) 넵! 미나 선생님의 심기를 거스르지 않도록 척추 기립 유지하겠습니다!		CHAR_SEOYUN			서윤	
STORY_PROLOGUE_06	32	NARRATION		미나는 속이 타들어 가는 듯 이마를 짚었지만, 밉지 않게 흘겨보는 눈빛 끝에는 묘한 활기가 돌고 있었다. 미나의 깐깐한 완벽주의와 서윤의 타격감 없는 긍정 에너지가 어두운 지하실의 공기를 팽팽하게 끌어올리고 있었다.						
STORY_PROLOGUE_06	33	DIALOGUE	CHAR_RIA	(손뼉을 치며 흩어진 공기를 모은다) 자자, 그만 싸우고 집중! 방금 지우랑 나랑 교차할 때 동선이 살짝 엉켰어. 내가 반 박자 늦게 호흡을 뺄 테니까, 지우 넌 원래 박자대로 치고 들어와.		CHAR_RIA			리아	
STORY_PROLOGUE_06	34	DIALOGUE	CHAR_JIWOO	(싹싹하게 고개를 끄덕인다) 아니야, 언니! 제가 발끝을 조금 더 당길게요. 그리고 하나 언니, 방금 들어올 때 타이밍 완전 좋았어!		CHAR_JIWOO			지우	
STORY_PROLOGUE_06	35	DIALOGUE	CHAR_HANA	(꼼지락거리며 속삭인다) 으응... 지우 네가 앞에서 딱 가려주면서 비트 잡아주니까... 템포 안 놓치고... 계속할 수 있어.		CHAR_HANA			하나	
STORY_PROLOGUE_06	36	DIALOGUE	CHAR_RIA	(바닥의 먼지를 툭툭 털어내며 환하게 웃는다) 좋아! P가 언제 우리 무대 물어오실지 몰라. 캄캄한 새벽에 자다 깨서 음악 틀어도 본능적으로 튀어나올 수 있게, 처음부터 다시 간다! 쓰리, 포!		CHAR_RIA			리아	
STORY_PROLOGUE_06	37	NARRATION		다시 음악이 터져 나오고, 아이들의 눈빛이 돌변하며 허공을 갈랐다.						
STORY_PROLOGUE_06	38	NARRATION		블라인드 틈새로 그 맹렬한 춤사위를 지켜보던 P의 눈동자가 파도처럼 일렁였다.						
STORY_PROLOGUE_06	39	NARRATION		전기도 끊길 위기에 처한 이 눅눅하고 숨 막히는 지하실. 컵라면으로 끼니를 때워 볼이 홀쭉해진 얼굴들. 하지만 아이들의 눈동자에는 이상하리만치 단 한 줌의 의심이나 절망도 묻어있지 않았다.						
STORY_PROLOGUE_06	40	NARRATION		저 끔찍한 붉은 낙인들 사이에서도, 아이들은 오직 자신들을 꺼내준 P가 세상 가장 눈부신 무대 위로 이끌어줄 것이라는 맹목적인 믿음 하나로 허공에 그림을 그리고 있었다. 세상이 아무리 투명 인간 취급하며 짓밟아도, 저들의 꿈은 결코 꺾이지 않은 채 어둠 속에서 타오르고 있었다.						
STORY_PROLOGUE_06	41	DIALOGUE	CHAR_P	.....		CHAR_P			P	
STORY_PROLOGUE_06	42	NARRATION		P의 시선이 책상 한구석에 놓인 꼬깃꼬깃한 천 원짜리 세 장과 오백 원짜리 동전 하나에 닿았다.						
STORY_PROLOGUE_06	43	NARRATION		어제저녁, 지우와 아이들이 라면을 사 먹고 남은 잔돈이라며 P의 책상 위에 살며시 쥐여주고 간 '3,500원'이었다.						
STORY_PROLOGUE_06	44	NARRATION		가난한 소녀들이 자신들의 몫을 기꺼이 덜어 내어준, 세상에서 가장 무겁고 아득한 온기.						
STORY_PROLOGUE_06	45	NARRATION		P는 천천히 손을 뻗어 그 3,500원을 쥐었다. 땀에 젖은 그의 손아귀 안에서 낡은 지폐가 바스러질 듯 꽉 구겨졌다.						
STORY_PROLOGUE_06	46	NARRATION		자신이 무너지면, 저 아이들은 진짜 길을 잃는다.						
STORY_PROLOGUE_06	47	NARRATION		S-Tier의 자본이 아무리 거대한 해일처럼 밀려오고 세상의 벽이 철옹성 같아도, 자신은 저 눈부신 아이들을 지켜내야만 하는 유일한 방패이자 칼이어야 했다.						
STORY_PROLOGUE_06	48	NARRATION		P의 핏발 선 눈동자에서 짓눌려 있던 자기혐오가 증발하고, 그 자리에 서늘하고도 맹렬한 독기가 차올랐다.						
STORY_PROLOGUE_06	49	DIALOGUE	CHAR_P	(꽉 쥔 주먹을 이마에 대며, 짓씹듯 읊조린다) 그래... 누가 이기나 해 보자. 내 뼈를 깎고 살을 발라내서라도... 너희들 숨통 트일 진짜 무대, 무조건 가져다줄 테니까.		CHAR_P			P	
STORY_PROLOGUE_06	50	NARRATION		P는 자리에서 벌떡 일어나 의자에 걸쳐둔 구겨진 재킷을 집어 들었다.						
STORY_PROLOGUE_06	51	NARRATION		비록 통장 잔고는 7,420원뿐이고 세상의 모든 룰이 그들의 목을 거칠게 조르고 있었지만, 얇은 합판 너머로 들려오는 아이들의 뜨거운 숨소리가 그의 꺾인 척추를 다시 한번 꼿꼿하게 세워 올리고 있었다.						
STORY_PROLOGUE_06	52	NARRATION		그는 다시 한번 거대 자본의 굳게 닫힌 성벽에 제 머리를 박고 찢겨 나갈 각오로, 낡은 구두를 구겨 신고 집무실 문을 나섰다.						
STORY_PROLOGUE_07	1	NARRATION		끼기긱- 쾅.						#6. 흙투성이 구두와 단 한 번의 생방송 / [장소: 지하 1층 연습실] / [시간: 늦은 밤]
STORY_PROLOGUE_07	2	NARRATION		무거운 철문이 힘겹게 열리는 소리에, 바닥에 쓰러져 가쁜 숨을 몰아쉬던 다섯 소녀의 고개가 일제히 문 쪽을 향했다.						
STORY_PROLOGUE_07	3	NARRATION		그곳에 P가 서 있었다.						
STORY_PROLOGUE_07	4	DIALOGUE	CHAR_RIA	(눈을 크게 뜨며 급히 몸을 일으킨다) P...? 세상에, 얼굴이 왜 그러세요?! 무슨 일 있었어요?!		CHAR_RIA			리아	
STORY_PROLOGUE_07	5	NARRATION		아이들이 경악하며 달려갔다. P의 몰골은 처참했다.						
STORY_PROLOGUE_07	6	NARRATION		단정했던 재킷은 먼지와 진흙으로 엉망진창이 되어 있었고, 무릎 부근의 바짓단은 심하게 찢겨 나간 채 핏자국이 말라붙어 있었다. 무엇보다 그의 낡은 구두는 밑창이 아예 덜렁거릴 정도로 다 닳아빠져 있었다.						
STORY_PROLOGUE_07	7	DIALOGUE	CHAR_JIWOO	(울먹이며) 피 나잖아요... 대체 밖에서 무슨 짓을 당하고 오신거예요...		CHAR_JIWOO			지우	
STORY_PROLOGUE_07	8	DIALOGUE	CHAR_MINA	(분노로 입술을 파르르 떤다) S-Tier 짓이죠? 그 사람들이 P한테 손이라도 댄 거예요?! 당장 경찰에...		CHAR_MINA			미나	
STORY_PROLOGUE_07	9	DIALOGUE	CHAR_P	(미나의 말을 자르며, 갈라진 목소리로 낮게 웃는다) 아니. 이겼어.		CHAR_P			P	
STORY_PROLOGUE_07	10	NARRATION		아이들의 움직임이 뚝 멎었다.						
STORY_PROLOGUE_07	11	NARRATION		P는 후들거리는 다리로 벽을 짚고 서서, 안주머니에서 꼬깃꼬깃하게 접힌 종이 뭉치 하나를 꺼냈다. 흙먼지가 묻고 군데군데 핏자국까지 번져 있는 그 낡은 종이를, P는 세상에서 가장 귀한 보석을 다루듯 조심스럽게 펴서 아이들 앞에 내밀었다.						
STORY_PROLOGUE_07	12	NARRATION		[M-Beat Live 생방송 큐시트]						
STORY_PROLOGUE_07	13	NARRATION		[무대 - 신인 걸그룹(V.E.L.O)]						
STORY_PROLOGUE_07	14	DIALOGUE	CHAR_P	다음 주 목요일. 엠비트 라이브. 3분 30초.		CHAR_P			P	
STORY_PROLOGUE_07	15	DIALOGUE	CHAR_SEOYUN	(숨을 들이켜며) 엠비트... 라이브? 그거 황금시간대 생방송...		CHAR_SEOYUN			서윤	
STORY_PROLOGUE_07	16	DIALOGUE	CHAR_P	방송국 국장부터 막내 PD까지. 바짓가랑이 붙잡고 3일을 매달렸어. 무릎이 다 갈려 나가도록 빌고 또 빌었더니... 펑크 난 땜빵 자리 하나 던져주더라. 그 길로 세트장 노가다까지 다 뛰어서 얻어낸 자리야.		CHAR_P			P	
STORY_PROLOGUE_07	17	NARRATION		P의 목소리가 젖어 들고 있었다.						
STORY_PROLOGUE_07	18	DIALOGUE	CHAR_P	너희들, 데뷔한다.		CHAR_P			P	
STORY_PROLOGUE_07	19	NARRATION		그 한마디에, 팽팽하게 당겨져 있던 아이들의 긴장감이 거짓말처럼 툭 끊어졌다.						
STORY_PROLOGUE_07	20	DIALOGUE	CHAR_HANA	아아아악...!		CHAR_HANA			하나	
STORY_PROLOGUE_07	21	NARRATION		가장 먼저 무너져 내린 것은 하나였다. 늘 지우의 등 뒤에 숨어 눈치만 보던 하나가 오열하며 바닥에 주저앉았다. 지우가 그런 하나를 끌어안고 소리 내어 엉엉 울기 시작했다.						
STORY_PROLOGUE_07	22	NARRATION		서윤마저 양손으로 얼굴을 감싼 채 어깨를 들썩였고, 리아는 P의 옷자락을 꽉 쥔 채 아이처럼 눈물을 쏟아냈다.						
STORY_PROLOGUE_07	23	DIALOGUE	CHAR_MINA	(덜덜 떨리는 손으로 큐시트를 받아 든다) 이거... 진짜죠...? 우리 진짜 방송국 카메라 앞에 서는 거 맞죠...?		CHAR_MINA			미나	
STORY_PROLOGUE_07	24	DIALOGUE	CHAR_P	(고개를 끄덕이며, 무릎을 꿇고 아이들과 눈을 맞춘다) 잘 들어, 이 지하실, 다음 달이면 경매로 넘어가. 이 무대가 우리가 세상에 던질 수 있는 마지막 폭탄이야.		CHAR_P			P	
STORY_PROLOGUE_07	25	DIALOGUE	CHAR_MINA	폭탄... 이라뇨...?		CHAR_MINA			미나	
STORY_PROLOGUE_07	26	DIALOGUE	CHAR_P	전국구 생방송이야. 순간 시청률 10퍼센트, 수백만 명이 실시간으로 보는 무대라고. S-Tier가 아무리 우리 목줄을 쥐고 흔들어도, 이미 생방송 카메라에 빨간 불이 들어온 순간엔 지들도 어쩌지 못해. 편집도, 통제도 불가능한 단 한 번의 3분 30초야.		CHAR_P			P	
STORY_PROLOGUE_07	27	NARRATION		왜 P가 그토록 피투성이가 되면서까지 이 단 한 번의 생방송 무대에 목을 맸는지.						
STORY_PROLOGUE_07	28	NARRATION		아이들의 눈빛에 단순한 감격을 넘어선 맹렬한 투기가 차오르기 시작했다.						
STORY_PROLOGUE_07	29	DIALOGUE	CHAR_P	그 3분 30초 안에 대중들 숨통을 끊어놓을 만큼 완벽한 무대를 보여줘. 거기서 사람들에게 눈도장만 찍어내면... 그땐 S-Tier 할아버지가 와도 우릴 못 지워.		CHAR_P			P	
STORY_PROLOGUE_07	30	DIALOGUE	CHAR_SEOYUN	(주먹을 꽉 쥐며) P가 흙바닥 기면서 따낸 생방송... 우리가 카메라 렌즈 다 씹어 먹고 확실하게 꽂아 넣을게.		CHAR_SEOYUN			서윤	
STORY_PROLOGUE_07	31	DIALOGUE	CHAR_MINA	(발등에 맺힌 눈물을 거칠게 닦아내며 일어선다) S-Tier 임원진들, 생방송 보다가 오금 저려서 뻗게 만들어 줄 거니까.		CHAR_MINA			미나	
STORY_PROLOGUE_07	32	NARRATION		다섯 소녀들과 흙투성이가 된 P는 지하실 바닥에 서로를 끌어안고 기적의 온기를 나눴다.						
STORY_PROLOGUE_07	33	NARRATION		그날 이후, 지하실은 말 그대로 한계치를 넘나드는 처절한 전쟁터로 변했다.						
STORY_PROLOGUE_07	34	NARRATION		새벽 4시, 찢어지는 조악한 스피커 음질 위로 아이들의 거친 숨소리가 피 냄새와 섞여 진동했다.						
STORY_PROLOGUE_07	35	NARRATION		타닥, 촥-!!						
STORY_PROLOGUE_07	36	DIALOGUE	CHAR_MINA	야! 방금 교차할 때 무게 중심 떴잖아!		CHAR_MINA			미나	
STORY_PROLOGUE_07	37	DIALOGUE	CHAR_SEOYUN	알았어! 아예 바닥에 착 붙어서 날아다닐 테니까 잘 봐! 리아야, 거기서 보컬 뚫고 나올 때 TV 깨부술 기세로 질러줘!		CHAR_SEOYUN			서윤	
STORY_PROLOGUE_07	38	DIALOGUE	CHAR_RIA	알아! (콜록콜록) 나 목에서 피가 나도 음정 안 흔들릴 테니까 걱정마!		CHAR_RIA			리아	
STORY_PROLOGUE_07	39	NARRATION		아이들은 잠을 자는 법을 잊었다.						
STORY_PROLOGUE_07	40	NARRATION		하루에 컵라면 하나로 버티는 앙상한 몸이었지만, 며칠 뒤 수백만 명의 뇌리에 영원히 각인될 그들의 안무는 뼈가 부러질 듯 격렬하고 완벽했다.						
STORY_PROLOGUE_07	41	NARRATION		바닥에 쓸린 서윤의 무릎에서는 피가 배어 나와 하얀 연습복을 붉게 적셨고, 완벽한 턴을 고집하던 미나의 엄지 발톱은 새까맣게 죽어 결국 빠져버렸다. 하지만 미나는 비명 한 번 지르지 않고 덜덜 떨리는 손으로 상처 난 맨발에 청테이프를 거칠게 칭칭 감아버린 뒤 다시 거울 앞에 섰다.						
STORY_PROLOGUE_07	42	NARRATION		언제나 뒤로 숨던 하나마저, 피가 나는 입술을 짓씹으며 거울 속 가상의 메인 카메라를 노려보고 독기 어린 랩을 뱉어냈다.						
STORY_PROLOGUE_07	43	NARRATION		단 한 번의 생방송, 편집될 수 없는 3분 30초.						
STORY_PROLOGUE_07	44	NARRATION		이 찰나의 무대에 그들의 모든 목숨이 걸려 있었다. 그들은 기꺼이 이 마지막 불꽃에 자신들의 뼈와 살, 그리고 영혼을 남김없이 태워 넣고 있었다.						
STORY_PROLOGUE_08	1	NARRATION		쿵, 쿵, 쿵-!						#7. 전화 한 통, 그리고 쓰레기통에 처박힌 3분 30초 / [장소: M-Beat Live 생방속 백스테이지 → 메인 무대] / [시간: 오후]
STORY_PROLOGUE_08	2	NARRATION		백스테이지의 철제 바닥을 울리는 심장 박동 같은 베이스 소리.						
STORY_PROLOGUE_08	3	NARRATION		눈이 시릴 정도로 화려한 메인 무대 뒤편, 어두운 대기 공간에 다섯 소녀와 P가 서 있었다.						
STORY_PROLOGUE_08	4	DIALOGUE		(무전기를 들고 다급하게 외친다) 자, 다음 순서 들어갑니다! V.E.L.O 스탠바이 하세요!					막내 작가	
STORY_PROLOGUE_08	5	NARRATION		생방송의 열기로 달아오른 공기. 그 숨 막히는 긴장감 속에서 리아의 손끝이 미세하게 떨리고 있었다.						
STORY_PROLOGUE_08	6	DIALOGUE	CHAR_JIWOO	(리아의 떨리는 손을 꼭 쥐어주며 속삭인다) 언니, 떨지 마요. 우리 그 캄캄한 지하실에서도 눈 감고 다 맞췄잖아요.		CHAR_JIWOO			지우	
STORY_PROLOGUE_08	7	DIALOGUE	CHAR_HANA	(마이크를 쥔 손을 하얗게 질리도록 꽉 쥐고 있다) 후... 후...		CHAR_HANA			하나	
STORY_PROLOGUE_08	8	DIALOGUE	CHAR_MINA	(차갑게 앞을 노려본다) 다들 명심해. 우리한테 다음은 없어. 이번 무대에서 실수하는 사람은 내 손에 죽어.		CHAR_MINA			미나	
STORY_PROLOGUE_08	9	DIALOGUE	CHAR_SEOYUN	(가볍게 제자리뛰기를 하며) 오케이! 저 방송국 메인 카메라 내가 다 부숴버릴게!		CHAR_SEOYUN			서윤	
STORY_PROLOGUE_08	10	NARRATION		P는 아이들의 어깨를 한 번씩 단단하게 쥐어주었다.						
STORY_PROLOGUE_08	11	DIALOGUE	CHAR_P	연습한 대로만 해. 세상에 너희들이 누군지 똑똑히 각인시키고 와.		CHAR_P			P	
STORY_PROLOGUE_08	12	NARRATION		위이잉-						
STORY_PROLOGUE_08	13	NARRATION		마침내 무대로 통하는 게이트가 열리고, 아이들이 눈부신 조명 아래로 걸어 나갔다.						
STORY_PROLOGUE_08	14	NARRATION		수백 명의 관객들이 뿜어내는 열기와 수십 대의 카메라. 처음 밟아보는 최고급 무대 바닥의 감촉.						
STORY_PROLOGUE_08	15	NARRATION		아이들이 대형을 잡는 순간, 심장을 터뜨릴 듯한 강렬한 인트로 비트가 방송국 스피커를 찢고 흘러나왔다.						
STORY_PROLOGUE_08	16	NARRATION		음악이 시작되고 소녀들의 눈빛이 돌변했다.						
STORY_PROLOGUE_08	17	NARRATION		그들은 굶주린 포식자처럼 무대를 집어삼키기 시작했다. 미나의 완벽한 턴, 서윤의 터질 듯한 에너지, 얌전하던 하나의 입에서 튀어나오는 폭발적인 래핑, 지우의 매끄러운 스텝과 리아의 날카로운 보컬까지.						
STORY_PROLOGUE_08	18	NARRATION		지하실의 곰팡내 속에서 뼈를 깎아 만든 그들의 퍼포먼스는, 처음 보는 신인의 무대에 심드렁하던 관객들의 숨소리마저 앗아갈 만큼 압도적이었다.						
STORY_PROLOGUE_08	19	NARRATION		무대 측면에서 그 모습을 지켜보던 P의 핏발 선 눈에 뜨거운 열기가 차올랐다.						
STORY_PROLOGUE_08	20	NARRATION		이제 곡은 단숨에 터져 오르는 하이라이트를 향해 달려가고 있었다. 리아가 호흡을 크게 들이마시고, 서윤이 무대 중앙으로 치고 나오려던 바로 그 찰나였다.						
STORY_PROLOGUE_08	21	NARRATION		퍽-!!						
STORY_PROLOGUE_08	22	NARRATION		귀를 찢을 듯한 거친 마찰음과 함께, 무대 위의 모든 조명이 일제히 꺼졌다.						
STORY_PROLOGUE_08	23	NARRATION		동시에 고막을 터뜨릴 듯 울리던 반주마저 뚝, 소름 끼치도록 완벽하게 끊겨버렸다.						
STORY_PROLOGUE_08	24	NARRATION		칠흑 같은 어둠, 그리고 갑작스러운 적막. 관객석에서 당황한 사람들의 웅성거리는 소리가 터져 나왔다.						
STORY_PROLOGUE_08	25	DIALOGUE	CHAR_P	.....?!		CHAR_P			P	
STORY_PROLOGUE_08	26	NARRATION		단순한 방송 사고가 아니었다. P의 시선이 다급하게 음향 콘솔 쪽을 향했다. 헤드셋을 집어 던진 메인 PD의 험악하게 일그러진 얼굴이 보였다.						
STORY_PROLOGUE_08	27	DIALOGUE		(무전기에 고래고래 소리를 지르며) 아, 씨발! S-Tier에서 저 새끼들 방송 내보내면 당장 지네 애들 차 돌리겠다고 난리 쳤다잖아! 위에서 당장 끊으래! 야, 스크린 내리고 저 쓰레기들 당장 무대에서 치워!!					메인 PD	
STORY_PROLOGUE_08	28	NARRATION		자본의 폭력이 생방송의 룰마저 강제로 멈춰 세운 순간이었다.						
STORY_PROLOGUE_08	29	NARRATION		하지만, 조명과 음악이 모두 죽어버린 그 캄캄한 무대 위.						
STORY_PROLOGUE_08	30	NARRATION		당황해서 멈춰 섰어야 할 그 어둠 속에서, 기괴할 정도로 묵직하고 정확한 마찰음이 울려 퍼지기 시작했다.						
STORY_PROLOGUE_08	31	NARRATION		타닥, 촥! 쿵-!						
STORY_PROLOGUE_08	32	NARRATION		스니커즈가 무대 바닥을 구르는 소리. 옷깃이 허공을 가르는 소리.						
STORY_PROLOGUE_08	33	NARRATION		지하실의 그 완벽한 암전 속에서 수도 없이 넘어지며 깎아냈던 아이들의 안무는, 음악이 사라진 캄캄한 무대 위에서도 단 1초의 오차 없이 이어지고 있었다.						
STORY_PROLOGUE_08	34	NARRATION		반주가 끊긴 적막 속, 리아가 피를 토하듯 생목으로 하이라이트 고음을 악착같이 질러냈다. 그 처절한 목소리에 맞춰 서윤과 미나가 어둠을 찢으며 스텝을 밟았다. 어떻게든, 단 1초라도 더 이 무대를 이어가겠다는 처절한 발버둥이었다.						
STORY_PROLOGUE_08	35	NARRATION		그러나, 화려한 무대 장치와 복잡한 전선이 깔린 세트장은 텅 빈 지하실과 달랐다.						
STORY_PROLOGUE_08	36	NARRATION		우당탕-!						
STORY_PROLOGUE_08	37	DIALOGUE	CHAR_JIWOO	아악!		CHAR_JIWOO			지우	
STORY_PROLOGUE_08	38	NARRATION		어둠 속에서 동선을 이동하던 지우가 무대 장치에 발이 걸리며 둔탁한 소리와 함께 바닥으로 고꾸라졌다. 발목이 기괴하게 꺾이며 찢어지는 비명이 터져 나왔다.						
STORY_PROLOGUE_08	39	DIALOGUE	CHAR_HANA	(어둠 속에서 비명을 지른다) 지우야!!		CHAR_HANA			하나	
STORY_PROLOGUE_08	40	NARRATION		무대 측면에서 지켜보던 P의 이성이 끊어졌다. 그는 앞을 가로막는 진행 요원들을 밀치고 미친 듯이 콘솔 쪽으로 달려갔다.						
STORY_PROLOGUE_08	41	DIALOGUE	CHAR_P	(목에 핏대를 세우며 절규한다) 감독님!! 제발 조명 좀 켜주세요!! 애가 다쳤잖아요!! 춤 안 춰도 되니까, 음악 안 틀어주셔도 되니까 제발 불만이라도 켜주세요!!		CHAR_P			P	
STORY_PROLOGUE_08	42	DIALOGUE		(P의 어깨를 거칠게 밀쳐내며 짜증을 낸다) 아, 씨발! 빨리 안 치우고 뭐 해! 저것들 당장 끌어내려!!					FD	
STORY_PROLOGUE_08	43	NARRATION		그들의 눈에 P와 소녀들의 간절함 따위는 보이지 않았다. 그저 생방송 큐시트를 망치고, 거대 기획사의 심기를 거스르게 만든 성가신 '장애물'일 뿐이었다.						
STORY_PROLOGUE_08	44	NARRATION		검은 옷을 입은 건장한 무대 스태프들이 캄캄한 무대 위로 우르르 몰려 올라갔다. 그들은 쓰러져 신음하는 지우의 상태를 묻지 않았다. 마치 치워야 할 무대 소품이나 짐짝을 다루듯, 지우의 양팔을 우악스럽게 붙잡고 질질 끌어당기기 시작했다.						
STORY_PROLOGUE_08	45	DIALOGUE	CHAR_MINA	(스태프의 팔을 물어뜯을 듯 달려든다) 이거 놔요!! 애 다쳤잖아!! 우리가 걸어 나갈 테니까 그 더러운 손 떼라고!!		CHAR_MINA			미나	
STORY_PROLOGUE_08	46	DIALOGUE	CHAR_SEOYUN	놓으라고요!! 우리 무대 아직 안 끝났어!! 놔!!		CHAR_SEOYUN			서윤	
STORY_PROLOGUE_08	47	DIALOGUE		아, 진짜 짜증 나게 하네. 야! 얘네 꽉 잡고 빨리 치워! 다음 무대 스탠바이 해야 돼!					스태프	
STORY_PROLOGUE_08	48	NARRATION		성인 남성들의 완력을 가녀린 소녀들이 당해낼 리 없었다.						
STORY_PROLOGUE_08	49	NARRATION		버둥거리는 미나와 서윤, 겁에 질려 우는 하나와 공허한 눈으로 무대를 바라보는 리아. 그리고 발목을 잡고 고통스러워하는 지우까지. 다섯 소녀는 먼지 묻은 쓰레기처럼 무대 바닥에 질질 끌려 내려오기 시작했다.						
STORY_PROLOGUE_08	50	DIALOGUE	CHAR_P	(달려들어 스태프를 뜯어말리며 악을 쓴다) 이 개새끼들아!! 애들 몸에 손대지 마!! 내가 데리고 나간다고!!		CHAR_P			P	
STORY_PROLOGUE_08	51	NARRATION		퍼억-!!						
STORY_PROLOGUE_08	52	NARRATION		누군가의 거친 구둣발이 P의 정강이를 걷어찼고, P는 볼품없이 바닥을 나뒹굴었다.						
STORY_PROLOGUE_08	53	NARRATION		엎어진 P의 시야 너머로, 방금 전까지 그토록 찬란하게 춤을 추던 아이들이 짐짝처럼 백스테이지 밖으로 무참히 내동댕이쳐지는 모습이 들어왔다.						
STORY_PROLOGUE_08	54	DIALOGUE		자, 조명 다시 켜고! 10초 뒤에 다음 팀 바로 들어갑니다!					메인 PD	
STORY_PROLOGUE_08	55	NARRATION		언제 무슨 일이 있었냐는 듯, 다시 화려한 조명이 켜지고 경쾌한 다음 팀의 음악이 울려 퍼졌다.						
STORY_PROLOGUE_08	56	NARRATION		아이들의 피와 땀, P의 찢겨진 자존심이 모조리 갈려 들어간 3분 30초의 기적은, 자본의 전화 한 통에 의해 그렇게 단 2분 만에 철저하게 쓰레기통에 처박히고 말았다.						
STORY_PROLOGUE_08	57	NARRATION		거대 자본의 눈 밖에 난, 투명 인간들의 무대 따위는, 처음부터 이 세상에 존재하지 않았다.						
STORY_PROLOGUE_09	1	NARRATION		탁... 끌럭, 탁...						#8. 비참한 퇴장, 그리고 조명 밖의 침묵 / [장소: M-Beat 방송국 복도 → 대기실] / [시간: 오후]
STORY_PROLOGUE_09	2	NARRATION		방송국의 차갑고 하얀 대리석 복도.						
STORY_PROLOGUE_09	3	NARRATION		조금 전까지 무대를 부술 듯이 날아다니던 다섯 소녀는, 이제 초라한 패잔병이 되어 걷고 있었다.						
STORY_PROLOGUE_09	4	NARRATION		발목이 부어오른 지우를 리아와 하나가 양쪽에서 힘겹게 부축했고, 무릎이 까져 피가 흐르는 서윤은 넋이 나간 듯 초점 없는 눈으로 허공만 보며 걸었다. 테이프를 감았던 미나의 발목에도 붉은 피가 배어 나와 대리석 바닥에 점점이 얼룩을 남겼다.						
STORY_PROLOGUE_09	5	NARRATION		복도 너머로는 그들을 쫓아내고 올라간 다음 팀의 경쾌한 음악 소리와 관객들의 환호성이 환청처럼 웅웅거렸다.						
STORY_PROLOGUE_09	6	NARRATION		그 무거운 절망의 행렬 맨 앞에서, P는 피가 나도록 입술을 짓씹으며 전화기에 대고 악을 쓰고 있었다.						
STORY_PROLOGUE_09	7	DIALOGUE	CHAR_P	보상? 국장님, 지금 장난하십니까?! 애들이 다쳤어요! 음악이 끊겼는데도 생목으로 노래 부르던 애들을 스태프들이 짐짝처럼 던졌다고요!!		CHAR_P			P	
STORY_PROLOGUE_09	8	DIALOGUE		아휴, P. 거 참 말귀 못 알아듣네. 그러니까 우리가 위약금 두 배로 쳐서 입금해 주겠다잖아. S-Tier에서 라인업 다 뺀다는데 나보고 어쩌라고? 방송국 문 닫아?					국장	
STORY_PROLOGUE_09	9	DIALOGUE	CHAR_P	돈이 문제가 아니잖아!! 그 3분 30초 준비하려고 저 애들이 얼마나...		CHAR_P			P	
STORY_PROLOGUE_09	10	DIALOGUE		P. 낭만 찾지 말고 현실을 봐. 누가 그딴 쓰레기 기획사 애들 춤 추는 거 궁금해한대? 어차피 시청률 갉아먹는 땜빵이었어. 불쌍해서 거둬줬더니... 불똥이 크게 튀었구만. 돈 챙겨줄 때 조용히 떨어져.					국장	
STORY_PROLOGUE_09	11	NARRATION		뚜- 뚜- 뚜-						
STORY_PROLOGUE_09	12	NARRATION		일방적으로 끊긴 전화.						
STORY_PROLOGUE_09	13	NARRATION		P는 액정이 박살 난 스마트폰을 쥔 채, 그대로 차가운 복도 벽에 이마를 처박았다.						
STORY_PROLOGUE_09	14	NARRATION		쓰레기 기획사, 시청률 갉아먹는 땜빵.						
STORY_PROLOGUE_09	15	NARRATION		뼈를 깎아 만든 그들의 기적이, 저 견고한 자본의 성벽 안에서는 그저 언제든 돈 몇 푼 쥐여주고 치워버릴 수 있는 오물 취급을 받고 있었다.						
STORY_PROLOGUE_09	16	NARRATION		그때였다. 처참한 정적을 깨고, 복도 저편에서 경쾌하고도 거만한 구두 발소리가 들려왔다.						
STORY_PROLOGUE_09	17	NARRATION		또각, 또각, 또각.						
STORY_PROLOGUE_09	18	NARRATION		최고급 샵에서 세팅을 마친 완벽한 헤어스타일, 눈이 부실 정도로 반짝이는 무대 의상과 다이아몬드 액세서리.						
STORY_PROLOGUE_09	19	NARRATION		수많은 스태프와 매니저들의 철통같은 호위를 받으며 복도를 걸어오는 이들은, 현재 대한민국에서 가장 잘 나가는 S-Tier의 간판 걸그룹이었다.						
STORY_PROLOGUE_09	20	NARRATION		그리고 그 화려한 행렬의 맨 앞에, 여유로운 미소를 띤 주희가 걷고 있었다. 주희의 등장에, 넋을 놓고 있던 아이들의 몸이 뻣뻣하게 굳었다.						
STORY_PROLOGUE_09	21	NARRATION		최고급 향수 냄새가 땀과 피, 지하실의 곰팡내가 섞인 아이들의 공기를 폭력적으로 덮어눌렀다. S-Tier의 아이돌들은 흙먼지를 뒤집어쓴 지우와 미나를 보며 불결한 것을 보았다는 듯 코를 막고 킥킥거렸다.						
STORY_PROLOGUE_09	22	DIALOGUE		(매니저 뒤로 숨으며 노골적으로 얼굴을 구긴다) 야, 쟤네 뭐야? 피 냄새 나. 방송국에 거지도 들어와?					아이돌1	
STORY_PROLOGUE_09	23	DIALOGUE		아, 저번에 버렸다는 그 불량품들인가봐. 예전에 본 것 같기도 하고. 진짜 질척거리게 왜 여기까지 기어 들어왔대?					아이돌2	
STORY_PROLOGUE_09	24	NARRATION		소녀들은 그 어떤 대꾸도 하지 못했다.						
STORY_PROLOGUE_09	25	NARRATION		미나는 그저 고개를 푹 숙인 채 피가 나도록 입술을 짓씹었고, 서윤의 텅 빈 두 눈에서는 소리 없는 눈물만 뚝뚝 떨어져 내렸다. 지우는 아픈 발목을 쥔 채 입을 틀어막았고, 하나는 숨소리조차 내지 못한 채 덜덜 떨기만 했다.						
STORY_PROLOGUE_09	26	NARRATION		그때 노골적인 조롱에 리아의 눈에 살기가 돌았다. 리아가 당장이라도 달려들 듯 주먹을 쥐었지만, P가 황급히 팔을 뻗어 리아를 막아세웠다. 여기서 저들과 마찰을 빚어봤자 상처받는 것은 힘없는 아이들뿐이었다.						
STORY_PROLOGUE_09	27	DIALOGUE	CHAR_P	(분노를 억누르며 낮게) 비켜, 강주희.		CHAR_P			P	
STORY_PROLOGUE_09	28	DIALOGUE	CHAR_JUHUI	(동정심이 가득한 역겨운 미소를 지으며) 거봐, P. 내가 내 옆에 얌전히 있으라고 했잖아. 주제 파악 못 하고 내동댕이쳐진 대가가 겨우 이거야?		CHAR_JUHUI			주희	
STORY_PROLOGUE_09	29	DIALOGUE	CHAR_P	......		CHAR_P			P	
STORY_PROLOGUE_09	30	DIALOGUE	CHAR_JUHUI	(말없이 고개를 떨군 아이들을 차갑게 내려다보며 혀를 찬다) 너희들도 참 불쌍하다. P의 그 알량한 영웅놀이에 놀아나서, 그 냄새나는 지하실에서 썩어가고 있는 꼴이라니. 봐, 너희들의 저 잘난 방패가 저렇게 짓밟히고 굽신거리는 동안, 내 아이들은 저 눈부신 스포트라이트를 받으며 걷고 있잖아.		CHAR_JUHUI			주희	
STORY_PROLOGUE_09	31	NARRATION		주희의 말은 너무도 날카로운 진실이라 반박할 수조차 없었다.						
STORY_PROLOGUE_09	32	NARRATION		방금 전, 스태프들에게 발길질을 당해 바짓단이 찢어지고 구두가 망가진 P의 초라한 모습과, 스태프들에게 호위를 받는 주희의 모습은 너무도 끔찍한 대비를 이루고 있었다.						
STORY_PROLOGUE_09	33	DIALOGUE	CHAR_JUHUI	P, 위약금 명목으로 돈 좀 꽂아줬으니까 그걸로 애들 병원비나 해. 그리고 두 번 다시 우리 애들 무대 근처에 알짱거리지 말고.		CHAR_JUHUI			주희	
STORY_PROLOGUE_09	34	NARRATION		주희는 우아하게 머리를 넘기며 미련 없이 돌아섰다. 그녀의 화려한 아이돌들이 비웃음을 남기며 그 뒤를 따랐다. 스포트라이트가 쏟아지는 찬란한 무대를 향해 걸어가는 거대한 포식자들의 뒷모습이 완전히 사라질 때까지, P와 아이들은 망령처럼 그 자리에 굳어 있었다.						
STORY_PROLOGUE_09	35	NARRATION		방송국 구석, 이름표조차 붙어있지 않은 비좁은 공용 대기실.						[장소: M-Beat 방송국 대기실]
STORY_PROLOGUE_09	36	NARRATION		P가 문을 열고 들어가자, 부축을 받으며 들어온 다섯 소녀가 어두운 대기실 소파에 힘없이 주저앉았다.						
STORY_PROLOGUE_09	37	NARRATION		누구도 입을 열지 않았다. 위로조차 건넬 수 없을 만큼 무거운 절망이 방 안을 짓눌렀다.						
STORY_PROLOGUE_09	38	NARRATION		침묵만이 감도는 대기실 안, 유일하게 켜져 있는 것은 벽걸이 TV뿐이었다.						
STORY_PROLOGUE_09	39	DIALOGUE		자, 다음 무대는 여러분이 가장 기다리셨을 주인공들입니다! S-Tier의...!!					MC	
STORY_PROLOGUE_09	40	NARRATION		TV 화면 속 생방송 화면.						
STORY_PROLOGUE_09	41	NARRATION		조금 전, 아이들이 짐짝처럼 끌려 내려왔던 바로 그 메인 무대.						
STORY_PROLOGUE_09	42	NARRATION		그 위에서 방금 복도를 지나갔던 S-Tier의 아이돌들이 화려한 특수효과와 눈부신 조명을 받으며 춤을 추고 있었다. 관객석은 그들의 이름을 연호하며 열광의 도가니에 빠져 있었다.						
STORY_PROLOGUE_09	43	NARRATION		자본이 만들어낸 가장 완벽하고 찬란한 낙원.						
STORY_PROLOGUE_09	44	NARRATION		그리고 그 낙원에서 철저히 추방당한 채, 어두운 대기실 소파에 앉아 피 묻은 무릎을 끌어안고 화면만 멍하니 올려다보는 다섯 명의 투명 인간들.						
STORY_PROLOGUE_09	45	NARRATION		TV에서 쏟아지는 눈부신 빛이 넋이 나간 아이들의 텅 빈 눈동자를 잔인하게 비추고 있었다. 세상의 어떤 노력으로도 저 거대한 폭력을 이길 수 없음을, 그들 모두가 뼈저리게 깨달은 밤이었다.						
STORY_PROLOGUE_10	1	NARRATION		웅- 웅-						#9. 불 꺼진 낙원, 그리고 별 위의 관망자 / [장소: M-Beat Live 메인 무대 세트장] / [시간: 밤]
STORY_PROLOGUE_10	2	NARRATION		모든 생방송이 끝나고 스태프와 관객들이 썰물처럼 빠져나간 방송국 스튜디오.						
STORY_PROLOGUE_10	3	NARRATION		뜨겁게 달아올랐던 열기는 온데간데없이 식어버렸고, 메인 카메라의 [ON-AIR] 붉은 램프도 차갑게 죽어 있었다. 화려했던 조명마저 모두 꺼진 텅 빈 세트장에는, 장비들이 열을 식히는 미세한 모터 소리만이 무겁게 맴돌았다.						
STORY_PROLOGUE_10	4	NARRATION		그 칠흑 같은 적막 속.						
STORY_PROLOGUE_10	5	NARRATION		대기실에 갇혀있던 다섯 소녀가 유령처럼 걸어 나와, 자신들이 짐짝처럼 끌려 내려왔던 텅 빈 무대 위로 다시 올라섰다.						
STORY_PROLOGUE_10	6	NARRATION		지우가 발목을 매만지며 조심스레 무대 바닥을 디뎠다. 다행히 근육이 놀랐던 것뿐인지 통증은 금세 가라앉아 서 있는 데는 무리가 없었지만, 지우의 고개는 죄인처럼 꺾여 있었다.						
STORY_PROLOGUE_10	7	NARRATION		서윤은 넋이 나간 얼굴로 캄캄한 메인 카메라 렌즈를 향해 섰고, 미나는 피딱지가 엉겨 붙은 맨발로 차가운 무대 바닥을 쓰다듬었다.						
STORY_PROLOGUE_10	8	NARRATION		아무도 없는, 조명조차 비추지 않는 죽은 무대.						
STORY_PROLOGUE_10	9	DIALOGUE	CHAR_SEOYUN	(허공을 멍하니 바라보며, 텅 빈 목소리로 중얼거린다) 렌즈 불이... 다 꺼졌네... 아깐 저기에 불이 켜지면 무조건 잡아먹어야지 생각했는데... 이젠 아무것도 없어...		CHAR_SEOYUN			서윤	
STORY_PROLOGUE_10	10	DIALOGUE	CHAR_MINA	(바닥에 털썩 주저앉으며 허망하게 웃는다) 우리가 바보였지. 잠 안자고, 밥 안 먹고, 발톱 빠져가면서 구르면 뭐 해. S-Tier 전화 한통이면 3초 만에 꺼져버릴 조명이었는데. 처음부터... 우리한테 허락된 무대 같은 건 없었던 거야.		CHAR_MINA			미나	
STORY_PROLOGUE_10	11	DIALOGUE	CHAR_HANA	(지우의 옷자락을 쥐고 소리 없이 눈물만 뚝뚝 흘린다) 이제... 진짜 끝인 거지...? 더 이상... 못 하는 거야...?		CHAR_HANA			하나	
STORY_PROLOGUE_10	12	DIALOGUE	CHAR_JIWOO	(멀쩡해진 발목을 원망스럽게 내려다보며 울음을 터뜨린다) 차라리... 뼈라도 부러지지... 흐윽, 춤 출 수 있는데... 안 넘어졌으면 1초라도 더 버텼을 텐데... 나 때문에 다 망쳤어...		CHAR_JIWOO			지우	
STORY_PROLOGUE_10	13	DIALOGUE	CHAR_RIA	(눈물이 범벅이 된 채, 지우와 하나를 끌어안는다) 네 잘못 아니야, 지우야... 아무도 네 잘못이라고 생각 안 해...		CHAR_RIA			리아	
STORY_PROLOGUE_10	14	NARRATION		바닥에 주저앉아 서로를 부둥켜안고 엉엉 우는 소녀들.						
STORY_PROLOGUE_10	15	NARRATION		그 처참한 패배의 현장을 무대 아래에서 지켜보는 P의 얼굴은 죽은 사람처럼 하얗게 질려 있었다.						
STORY_PROLOGUE_10	16	NARRATION		자본이라는 철옹성 앞에서는 열정도, 재능도, 피나는 노력도 아무런 가치가 없었다.						
STORY_PROLOGUE_10	17	NARRATION		'괜찮다'고. '다시 무대를 찾아오겠다'고. 평소처럼 억지스러운 위로라도 건네야 했지만, P는 차마 고개조차 들지 못한 채 바닥에 시선을 처박고 있었다. 이 세상의 어떤 희망적인 단어도, 지금 이 철저한 절망 앞에서는 기만에 불과했으므로.						
STORY_PROLOGUE_10	18	NARRATION		그 알량한 인간의 이성이 완벽하게 부서져 내린 순간이었다.						
STORY_PROLOGUE_10	19	NARRATION		스아아아...						
STORY_PROLOGUE_10	20	NARRATION		돌연, 텅 빈 세트장의 공기 흐름이 몽환적으로 뒤틀리기 시작했다.						
STORY_PROLOGUE_10	21	NARRATION		웅웅거리던 기계음이 거짓말처럼 진공 상태로 빨려 들어가듯 완벽하게 소거되었고, 캄캄한 허공을 떠돌던 먼지 입자들이 중력을 잃은 듯 공중에서 서서히 멈춰 섰다.						
STORY_PROLOGUE_10	22	NARRATION		시간이 얼어붙은 것 같은 기괴한 정적.						
STORY_PROLOGUE_10	23	NARRATION		하지만 절망의 무게에 짓눌린 채 고개를 푹 숙인 P와, 슬픔에 빠져 오열하는 소녀들은 자신들의 머리 꼭대기, 까마득히 높은 천장 쪽에서 벌어지는 이질적인 현상을 전혀 눈치채지 못하고 있었다.						
STORY_PROLOGUE_10	24	NARRATION		조명이 꺼져 캄캄해야 할 그 거대한 '별 모양 조명' 세트 위로, 짙고 기이한 보랏빛 성운이 아지랑이처럼 피어오르며 일렁이고 있었다.						
STORY_PROLOGUE_10	25	NARRATION		그리고 그 보랏빛 장막을 뚫고, 이승의 상식으로는 설명할 수 없는 한 존재가 별 위에 여유롭게 다리를 꼬고 앉아 있었다.						
STORY_PROLOGUE_10	26	NARRATION		몸 선을 따라 흐르듯 떨어지는 완벽한 핏의 보랏빛 슈트.						
STORY_PROLOGUE_10	27	NARRATION		그 위로 푹 눌러쓴 짙은 페도라는 얼굴의 반을 덮을 만큼 짙은 그림자를 만들어내고 있었고, 그 그림자 속에서는 표정을 알 수 없는 기괴하고도 매끄러운 흰 가면만이 서늘하게 빛나고 있었다.						
STORY_PROLOGUE_10	28	NARRATION		그는 검은 가죽장갑을 낀 손에 수백 년은 족히 넘어 보이는, 가죽이 바스러질 듯 낡고 두꺼운 고서(古書)를 한 권 들고 있었다.						
STORY_PROLOGUE_10	29	NARRATION		심연의 존재. '무명(無名)'이었다.						
STORY_PROLOGUE_10	30	DIALOGUE	CHAR_MUMYEONG	......		CHAR_MUMYEONG			무명	
STORY_PROLOGUE_10	31	NARRATION		가면 너머로 짙은 흥미가 번졌다.						
STORY_PROLOGUE_10	32	NARRATION		그는 책을 허벅지 위에 올려둔 채, 자신의 존재를 모른 채 짐승처럼 괴로워하는 P와 소리 없이 눈물 흘리는 소녀들을 내려다보았다.						
STORY_PROLOGUE_10	33	NARRATION		인간의 피나는 노력이 거대 자본 앞에 짓밟히고, 마지막 남은 희망마저 처참하게 부서져 내린 이 완벽한 절망의 순간. 세상에서 가장 달콤하고도 지독한 그 핏빛 냄새가 무명의 후각을 기분 좋게 자극하고 있었다.						
STORY_PROLOGUE_10	34	MONOLOGUE	CHAR_RIA	누구라도 좋으니까... 제발 우리 좀 살려주세요. 신이든, 악마든 상관없어. 내 영혼을 통째로 뜯어가도 좋으니까... 제발... 우리를 구원해줘...		CHAR_RIA			리아(독백)	
STORY_PROLOGUE_10	35	NARRATION		별 위에 앉은 무명의 가면에 가려진 입술 끝이, 몽환적인 보랏빛 안개 속에서 기괴하고도 아름다운 호선을 그리며 말려 올라갔다. 아무도 모르게 찾아온 심연의 초대장이 인간들의 발 밑으로 서서히 스며들고 있었다.						
STORY_PROLOGUE_11	1	NARRATION		[컷 1]						#10. 컷씬: 심연에서 날아온 초대장 / [장소: P의 사옥 숙소] / [시간: 새벽]
STORY_PROLOGUE_11	2	NARRATION		[컷 2]						[일러스트] 철창 밖으로 서늘한 새벽빛이 스며드는 낡고 비좁은 반지하 숙소. 삐걱거리는 2층 침대와 바닥 매트리스에 아이들이 웅크려 잠들어 있다. 눈물이 맺힌 채 식은땀을 흘리는 리아의 얼굴, 악몽을 꾸는 듯 바들바들 떠는 하나를 무의식중에도 꽉 껴안고 있는 지우의 모습 등, 절망과 피로에 짓눌린 애처로운 풍경. / [일러스트] 어둠이 깔린 방 안, 허공에서 기괴하고 몽환적인 보랏빛 안개와 성운 입자들이 조용히 흩날려 내려온다. 먼지 쌓인 낡은 이불 위로, 주변의 공기와 완벽하게 이질적인 고급스러운 '보랏빛 초대장' 다섯 장이 은은한 빛을 뿜어내며 각자의 몸 위에 사뿐히 놓여 있다.
STORY_PROLOGUE_11	3	NARRATION		[컷 3]						[일러스트] 시뻘건 [압류] 딱지가 덕지덕지 붙어 있는 엉망진창인 집무실 책상. P는 독촉장과 액정이 박살 난 핸드폰 사이에 고개를 파묻은 채 처참하게 엎드려있다. 그 붉고 폭력적인 현실 한가운데, P의 엎드린 팔등 바로 앞으로 영롱한 보랏빛 초대장 한 장이 소리 없이 놓여 있다.
STORY_PROLOGUE_11	4	NARRATION		“모든 빛이 꺼진 당신을, 심연의 세계로 초대합니다.”						[일러스트] 화면을 가득 채운 보랏빛 초대장 클로즈업. 우아한 금박 장식 같지만, 가장자리가 보랏빛 불꽃에 미세하게 그을린 듯 기괴하게 일렁이는 질감이다. 초대장 한가운데, 갓 흘린 붉은 피로 적어 내린 듯 선명하고 섬뜩한 필기체로 단 한 문장이 적혀 있다.
STORY_PROLOGUE_12	1	NARRATION		끼이익-						#11. 붉은 거울, 그리고 열린 문 / [장소: P의 지하 사옥 연습실] / [시간: 아침]
STORY_PROLOGUE_12	2	NARRATION		지하 연습실의 비좁은 창문 틈으로 가느다란 아침 햇살이 스며든다.						
STORY_PROLOGUE_12	3	NARRATION		하지만 방 안을 가득 채운 것은 희망찬 아침의 공기가 아니라, 시뻘건 [압류] 딱지들이 뿜어내는 폭력적이고 숨 막히는 절망감이다.						
STORY_PROLOGUE_12	4	NARRATION		연습실 한가운데, P와 다섯 소녀가 옹기종기 모여 서 있다. 그들의 손에는 어젯밤 각자의 몸 위에 놓여 있던 기괴하고도 매혹적인 '보랏빛 초대장'이 들려 있다.						
STORY_PROLOGUE_12	5	DIALOGUE	CHAR_MINA	(초대장을 이리저리 뒤집어보며 눈살을 찌푸린다) 이거 뭐야? 무슨 이런 장난을 쳐요, P? 진짜 유치해서 봐줄 수가 없네.		CHAR_MINA			미나	
STORY_PROLOGUE_12	6	DIALOGUE	CHAR_P	(초췌한 얼굴로 마른세수를 하며) 내가 지금 그런 장난이나 칠 정신으로 보이니... 숙소 문도, 내 집무실 문도 안 열렸어. 외부인이 들어온 흔적 자체가 없다고.		CHAR_P			P	
STORY_PROLOGUE_12	7	DIALOGUE	CHAR_HANA	(초대장 모서리를 두 손가락으로 간신히 쥔 채 덜덜 떤다) 지, 지우야... 이거 만지면 안 될 것 같아... 글씨가 진짜 피로 쓴 것 같잖아... 냄새도 이상해...		CHAR_HANA			하나	
STORY_PROLOGUE_12	8	DIALOGUE	CHAR_JIWOO	(초대장을 햇빛에 비춰보며) 언니, 괜찮아! 근데 이거 디자인은 엄청 예쁜데? 꼭 요정들이 쓰는 초대장 같아. 우리 진짜 어디서 몰래 카메라 같은 거 하는 거 아닐까?		CHAR_JIWOO			지우	
STORY_PROLOGUE_12	9	DIALOGUE	CHAR_RIA	지우야, 이 상황에 몰래 카메라는 무슨... 앗!		CHAR_RIA			리아	
STORY_PROLOGUE_12	10	NARRATION		초대장을 살피던 리아가 제 발에 걸려 휘청이는 바람에 종이를 바닥에 떨어뜨린다.						
STORY_PROLOGUE_12	11	DIALOGUE	CHAR_RIA	(허둥지둥 주워 들며) 아무튼... P. 혹시 S-Tier가 우리 끝장난 거 확인 사살하려고 사람 푼 건 아닐까요?		CHAR_RIA			리아	
STORY_PROLOGUE_12	12	NARRATION		아이들의 불안한 시선이 일제히 P를 향했다.						
STORY_PROLOGUE_12	13	NARRATION		P는 초췌한 얼굴로 아이들을 찬찬히 둘러보았다. 망가진 앰프, 낡은 신디사이저, 바닥에 굴러다니는 마이크 선... 그들의 피와 땀이 서린 모든 것들에 자본주의의 붉은 사형 선고가 내려져 있었다. P의 눈빛에 깊은 죄책감과 슬픔이 스쳤다.						
STORY_PROLOGUE_12	14	DIALOGUE	CHAR_P	(애서 다정한 목소리로 아이들을 달랜다) ...누가 보냈든, 질 나쁜 장난일 뿐이니까 신경 쓰지마. 그것보단, 당장 오늘 오후면 채권단이 들이닥쳐서 남은 짐까지 다 빼갈 거야. 여기 계속 있는 건 위험해.		CHAR_P			P	
STORY_PROLOGUE_12	15	DIALOGUE	CHAR_SEOYUN	그럼 우리 이제 어떡해? 연습할 데도 없잖아.		CHAR_SEOYUN			서윤	
STORY_PROLOGUE_12	16	DIALOGUE	CHAR_P	일단 숙소에 가 있어. 내가... 내가 어떻게든 방법을 찾아볼게. 아는 선배들한테 무릎을 꿇든, 막노동을 뛰어서라도 빚부터 막아볼 테니까. 너희들은 절대 포기하지 마. 알았지?		CHAR_P			P	
STORY_PROLOGUE_12	17	NARRATION		현실은 완벽한 절망이었지만, P는 애써 침착함을 유지하였다. 어떻게든 어른으로서 책임의 무게를 짊어지려 애쓰며, P가 무거운 발걸음을 돌려 연습실 문고리를 잡으려던 찰나였다.						
STORY_PROLOGUE_12	18	DIALOGUE	CHAR_SEOYUN	어? 야, 저기 거울 봐봐.		CHAR_SEOYUN			서윤	
STORY_PROLOGUE_12	19	NARRATION		서윤의 나직하고 건조한 목소리에 P의 발걸음이 우뚝 멈췄다.						
STORY_PROLOGUE_12	20	NARRATION		모두의 시선이 연습실 전면 거울을 향했다. 춤을 맞추던 거대한 거울 위에도 시뻘건 압류 딱지들이 흉측하게 도배되어 있었다.						
STORY_PROLOGUE_12	21	NARRATION		하지만, 그 수십 장의 붉은 딱지들 한가운데.						
STORY_PROLOGUE_12	22	NARRATION		정중앙에, 오직 단 한 장의 종이가 이질적인 보랏빛 기운을 뿜어내며 붙어 있었다.						
STORY_PROLOGUE_12	23	DIALOGUE	CHAR_MINA	뭐야... 저거 아까 들어올 때까지만 해도 없었잖아.		CHAR_MINA			미나	
STORY_PROLOGUE_12	24	DIALOGUE	CHAR_RIA	(눈을 비비며 흠칫 놀란다) P... 저 종이에서 빛이 나는 것 같은데요...?		CHAR_RIA			리아	
STORY_PROLOGUE_12	25	NARRATION		그것은 이승의 물건이 아니었다. 종이의 테두리에서 몽환적인 보랏빛 안개가 미세하게 아지랑이처럼 피어오르고 있었고, 마치 살아 숨 쉬는 심장처럼 기괴한 파동을 뿜어내고 있었다.						
STORY_PROLOGUE_12	26	NARRATION		서윤이 홀린 듯 거울을 향해 천천히 걸어갔다.						
STORY_PROLOGUE_12	27	DIALOGUE	CHAR_P	(불길함에 휩싸여 다급히 외친다) 서윤아, 만지지 마! 위험해!		CHAR_P			P	
STORY_PROLOGUE_12	28	NARRATION		하지만 서윤은 P의 만류에도 불구하고, 거울 앞에 서서 붉은 딱지들 사이에 붙어 있던 보랏빛 종이를 거침없이 떼어냈다.						
STORY_PROLOGUE_12	29	NARRATION		쩌저적-!						
STORY_PROLOGUE_12	30	NARRATION		종이가 거울에서 떨어지는 순간.						
STORY_PROLOGUE_12	31	NARRATION		정전기가 일어난 것처럼 날카로운 파열음이 연습실을 찢어놓았다.						
STORY_PROLOGUE_12	32	NARRATION		파바바바박-!!						
STORY_PROLOGUE_12	33	NARRATION		떼어낸 보랏빛 종이 표면에서, 검고 붉은 잉크들이 끓어오르듯 요동치기 시작했다. 이내 종이 밖으로 수천 개의 [활자]들이 살아있는 벌레 떼처럼 미친 듯이 뿜어져 나왔다.						
STORY_PROLOGUE_12	34	NARRATION		『 원한(怨恨) 』, 『 미완(未完) 』, 『 살(煞) 』, 『 비명(悲鳴) 』...						
STORY_PROLOGUE_12	35	NARRATION		이승의 언어와 알아볼 수 없는 기괴한 영령들의 문자들이 마구잡이로 뒤섞여 허공을 폭풍처럼 소용돌이쳤다.						
STORY_PROLOGUE_12	36	DIALOGUE	CHAR_HANA	(비명을 지르며 바닥에 주저앉는다) 꺄아악! 지우야!!		CHAR_HANA			하나	
STORY_PROLOGUE_12	37	DIALOGUE	CHAR_JIWOO	(하나를 꽉 끌어안으며 눈을 질끈 감는다) 하나 언니!! 꽉 잡아!!		CHAR_JIWOO			지우	
STORY_PROLOGUE_12	38	DIALOGUE	CHAR_MINA	(활자 폭풍에 휘날리는 머리칼을 부여잡으며 경악한다) 이게 대체 뭐야!! 글자들이... 글자들이 살아있잖아!!		CHAR_MINA			미나	
STORY_PROLOGUE_12	39	NARRATION		활자들의 소용돌이가 방 안을 가득 채우던 붉은 압류 딱지들을 갈기갈기 찢어발겼다.						
STORY_PROLOGUE_12	40	NARRATION		그 직후, 서윤의 손에 들린 종이에서 눈을 뜰 수 없을 만큼 강렬하고 몽환적인 보랏빛 빛기둥이 천장을 향해 솟구쳐 올랐다.						
STORY_PROLOGUE_12	41	NARRATION		스아아아-						
STORY_PROLOGUE_12	42	NARRATION		연습실 안의 공기가 순식간에 진공 상태로 변하며 현실의 중력이 무너져 내렸다.						
STORY_PROLOGUE_12	43	NARRATION		갈라진 전면 거울 너머로 낡은 지하실의 콘크리트 벽이 종잇장처럼 찢겨 나갔고, 그 찢어진 차원의 틈새로 거대한 우주의 심연 같은 보랏빛 성운과 안개가 폭포수처럼 쏟아져 들어왔다.						
STORY_PROLOGUE_12	44	DIALOGUE	CHAR_P	(강풍에 밀려나지 않으려 바닥을 짚으며 필사적으로 소리친다) 얘들아!! 손잡아!! 절대 흩어지면 안 돼!!		CHAR_P			P	
STORY_PROLOGUE_12	45	DIALOGUE	CHAR_RIA	(허둥지둥 미나와 지우의 손을 꽉 잡으며 비명을 지른다) P!! 바닥이... 바닥이 없어져요!!		CHAR_RIA			리아	
STORY_PROLOGUE_12	46	NARRATION		현실의 공간이 완벽하게 붕괴되었다.						
STORY_PROLOGUE_12	47	NARRATION		거대한 보랏빛 안개와 춤추는 핏빛 활자들이 그들을 완전히 집어삼켰고, 거울 너머의 심연이 거대한 아가리를 벌렸다.						
STORY_PROLOGUE_12	48	NARRATION		번쩍-!!						
STORY_PROLOGUE_12	49	NARRATION		섬광과 함께, 비명을 지를 새도 없이 P와 다섯 소녀는 차원의 틈새로 빨려 들어갔다.						
STORY_PROLOGUE_12	50	NARRATION		폭풍이 휩쓸고 간 텅 빈 지하실에는, 산산 조각난 거울 파편들과 허공을 맴도는 기괴한 묵향만이 희미하게 남아 그들이 존재했음을 증명하고 있었다.						
STORY_PROLOGUE_13	1	NARRATION		삐이이-						#12. 몽환의 도서관, 영요서고(影謠書庫) / [장소: 영요서고 중앙 홀] / [시간: 오전]
STORY_PROLOGUE_13	2	NARRATION		고막을 찢을 듯한 이명과 함께, 공간이 뒤틀리는 듯한 끔찍한 멀미가 밀려왔다.						
STORY_PROLOGUE_13	3	NARRATION		가장 먼저 눈을 뜬 것은 P였다.						
STORY_PROLOGUE_13	4	NARRATION		마치 거대한 파도에 휩쓸려 내동댕이쳐진 듯 온몸의 뼈마디가 비명을 질러댔다. P가 신음하며 무거운 눈꺼풀을 들어 올렸을 때, 그의 망막을 가득 채운 것은 부서진 지하 연습실의 콘크리트 천장이 아니었다.						
STORY_PROLOGUE_13	5	DIALOGUE	CHAR_P	...이게, 다 뭐야.		CHAR_P			P	
STORY_PROLOGUE_13	6	NARRATION		P의 입에서 넋이 나간 중얼거림이 새어 나왔다.						
STORY_PROLOGUE_13	7	NARRATION		그의 눈앞에는 끝을 알 수 없을 만큼 아득하게 높은 원형의 서가(書架)가 하늘을 향해 뻗어 있었다. 수백만, 아니 수천만 권은 족히 넘어 보이는 낡은 고서와 두루마리들이 끝도 없이 꽂혀 있었고, 그 사이를 연결하는 수백 개의 나무 계단들이 스스로 레일을 타고 바쁘게 움직이고 있었다.						
STORY_PROLOGUE_13	8	NARRATION		조명 하나 없는 공간이었지만 결코 어둡지 않았다.						
STORY_PROLOGUE_13	9	NARRATION		허공에는 반딧불이처럼 빛나는 보랏빛 성운의 입자들이 은하수처럼 흐르고 있었고, 펼쳐진 양피지와 책들이 마치 거대한 새 떼처럼 날갯짓하며 허공을 날아다니고 있었다. 현실의 물리 법칙이 완벽하게 붕괴된, 몽환적이고 압도적인 도서관의 풍경이었다.						
STORY_PROLOGUE_13	10	DIALOGUE	CHAR_P	(다급하게 몸을 일으키며 주위를 살핀다) 얘들아!! 정신 차려봐! 괜찮아?!		CHAR_P			P	
STORY_PROLOGUE_13	11	NARRATION		차가운 대리석 바닥에 쓰러져 있던 소녀들이 고통스러운 듯 하나둘씩 뒤척이기 시작했다.						
STORY_PROLOGUE_13	12	DIALOGUE	CHAR_MINA	(머리를 부여잡고 파랗게 질린 얼굴로 일어난다) 으윽... 토할 것 같아... 공간이 막 일그러지는 것 같더니... 여긴 대체 어디야...?		CHAR_MINA			미나	
STORY_PROLOGUE_13	13	DIALOGUE	CHAR_RIA	(다리가 풀려 주저앉은 채 덜덜 떤다) P... 이게 대체 무슨 일이에요...? 벽이 다 책으로 되어있어요...		CHAR_RIA			리아	
STORY_PROLOGUE_13	14	DIALOGUE	CHAR_SEOYUN	(허공을 날아다니는 책들을 멍하니 올려다본다) ......		CHAR_SEOYUN			서윤	
STORY_PROLOGUE_13	15	NARRATION		눈앞에 펼쳐진 인간의 이성을 초월한 이계(異界)의 풍경 앞에, 이들은 본능적인 공포에 압도될 수밖에 없었다.						
STORY_PROLOGUE_13	16	NARRATION		그때였다.						
STORY_PROLOGUE_13	17	NARRATION		그들의 귓가로 시장통처럼 왁자지껄한 소음이 들려오기 시작했다.						
STORY_PROLOGUE_13	18	DIALOGUE		야! 3구역 '우물 귀신' 텍스트에 한(恨)이 부족하잖아! 당장 원고지 가져와서 슬픔 감정선 더 채워 넣어!!					귀신1	
STORY_PROLOGUE_13	19	DIALOGUE		아, 씨! 오늘 반납 기한인데 기승전결이 다 꼬였잖아! 4구역 사서들 빨리 지원 와!!					요괴1	
STORY_PROLOGUE_13	20	DIALOGUE		저기요, 길 좀 비켜요! 수레 지나갑니다!					도깨비1	
STORY_PROLOGUE_13	21	NARRATION		P와 아이들이 소리가 나는 쪽으로 고개를 돌리자, 그 기괴한 웅장함 속에 숨겨져 있던 도서관의 진짜 모습이 드러났다.						
STORY_PROLOGUE_13	22	NARRATION		산더미 같은 책을 수레에 싣고 뛰어가는 뿔 달린 도깨비들, 목이 기괴하게 꺾인 채 허공을 떠다니며 서가에 책을 꽂아 넣는 원귀들, 수십 개의 팔을 뻗어 날아다니는 종이들을 낚아채는 거대한 요괴들까지. 이 거대한 도서관은 온갖 영적 존재들이 각자의 업무를 처리하며 미친 듯이 돌아가는, 그야말로 '피크 타임'의 직장 그 자체였다.						
STORY_PROLOGUE_13	23	NARRATION		그 혼돈의 와중, 지우의 무릎을 베고 기절해 있던 하나가 서서히 눈을 떴다.						
STORY_PROLOGUE_13	24	DIALOGUE	CHAR_HANA	(몽롱한 목소리로) 으음... 지우야... 우리... 몰래 카메라 다 끝났어...?		CHAR_HANA			하나	
STORY_PROLOGUE_13	25	NARRATION		하나가 멍한 눈을 깜빡였다.						
STORY_PROLOGUE_13	26	NARRATION		그런데, 그녀의 시야 한가운데 무언가 커다랗고 창백한 것이 둥둥 떠 있었다.						
STORY_PROLOGUE_13	27	NARRATION		서가를 정리하던, 머리에 피를 철철 흘리는 처녀 귀신이 고개를 갸웃거리며 하나의 얼굴 바로 앞까지 다가와 빤히 내려다보고 있었다.						
STORY_PROLOGUE_13	28	DIALOGUE	CHAR_GHOST_MAIDEN	어라...? 숨통이 붙어있는 인간이네...? 어떻게 들어온 거지...?		CHAR_GHOST_MAIDEN			처녀 귀신	
STORY_PROLOGUE_13	29	DIALOGUE	CHAR_HANA	.....		CHAR_HANA			하나	
STORY_PROLOGUE_13	30	NARRATION		귀신과 눈이 마주친 하나의 동공이 점처럼 작아졌다. 입을 뻐끔거리던 그녀는 비명조차 지르지 못하고 그대로 눈이 까집히며 다시 기절해버렸다.						
STORY_PROLOGUE_13	31	DIALOGUE	CHAR_JIWOO	(사색이 되어 하나를 꼭 끌어안으며 덜덜 떤다) 하, 하나 언니!! 꺄아악!! 저리 가요!! 우리한테 오지 마요!!		CHAR_JIWOO			지우	
STORY_PROLOGUE_13	32	DIALOGUE	CHAR_P	(아이들을 등 뒤로 밀어 넣으며 처녀 귀신 앞을 가로막는다) 물러서!! 가까이 오지 마!!		CHAR_P			P	
STORY_PROLOGUE_13	33	NARRATION		P가 눈에 핏발이 선 채 방어 태세를 취했다. 당장이라도 저 수많은 요괴와 귀신들이 그들을 물어뜯기 위해 달려들 것만 같아 등줄기에 식은땀이 흘렀다.						
STORY_PROLOGUE_13	34	NARRATION		바로 그 순간이었다.						
STORY_PROLOGUE_13	35	DIALOGUE	CHAR_MONGGU	아이고! 비켜요, 비켜! 다들 바닥에 잉크 흘리지 말고 조심해요!!		CHAR_MONGGU			몽구	
STORY_PROLOGUE_13	36	NARRATION		귀신과 요괴들이 빽빽하게 몰려 있는 틈바구니 사이로, 무언가 작고 동그란 형체가 바쁘게 튀어나왔다.						
STORY_PROLOGUE_13	37	NARRATION		조끼를 단정하게 차려입고, 한쪽 눈에 금테 외눈안경을 쓴 털복숭이 요괴였다. 부엉이와 너구리를 섞어 놓은 듯한 귀여운 외모의 그 요괴는 깃펜이 꽂힌 두꺼운 장부를 든 채 총총걸음으로 다가왔다.						
STORY_PROLOGUE_13	38	DIALOGUE	CHAR_MONGGU	(처녀 귀신을 향해 장부를 삿대질하며) 이봐요, 2구역 사서! 일 안 하고 뭐 해요! 지금 2구역 터지기 직전인데! 얼른 가서 양피지나 날라요!		CHAR_MONGGU			몽구	
STORY_PROLOGUE_13	39	DIALOGUE	CHAR_GHOST_MAIDEN	쳇, 깐깐하게 굴기는. (스르륵 허공으로 사라진다)		CHAR_GHOST_MAIDEN			처녀 귀신	
STORY_PROLOGUE_13	40	NARRATION		외눈안경 요괴가 작게 헛기침을 하더니, 잔뜩 경계하고 있는 P와 아이들을 향해 깍듯하게 허리를 굽혔다.						
STORY_PROLOGUE_13	41	DIALOGUE	CHAR_MONGGU	놀라게 해드려 죄송합니다. 지금이 한창 이야기 반납 기한이 몰리는 피크타임이라서요. 눈코 뜰 새 없이 바쁘네요.		CHAR_MONGGU			몽구	
STORY_PROLOGUE_13	42	DIALOGUE	CHAR_P	(당황하며) 너... 아니, 당신은 뭡니까...?		CHAR_P			P	
STORY_PROLOGUE_13	43	DIALOGUE	CHAR_MONGGU	(외눈안경을 쓱 밀어 올리며) 저는 영요서고의 수석 사서 보조, ‘몽구’라고합니다. 험한 길 오시느라 고생 많으셨습니다. 관장님께서 귀빈들이 도착하기만을 애타게 기다리고 계십니다. 자, 저를 따라오시죠.		CHAR_MONGGU			몽구	
STORY_PROLOGUE_13	44	NARRATION		몽구가 종종걸음으로 앞장서기 시작했다.						
STORY_PROLOGUE_13	45	NARRATION		P와 아이들은 여전히 공포에 질린 채 서로의 손을 꼭 쥐고, 그 작은 요괴의 뒤를 따라 걷기 시작했다.						
STORY_PROLOGUE_13	46	NARRATION		그들이 걷는 복도 양옆으로는 허공을 유영하는 수백 권의 책들이 보랏빛 빛을 내며 스쳐 지나갔고, 웅장한 서가 사이사이로 영적 존재들이 그들을 흥미롭다는 듯 힐끗거렸다. 서윤은 신기하단 얼굴로 주변을 보았고, 미나는 주변의 기괴한 풍경에 질린 듯 눈을 반쯤 감은 채 P의 옷자락을 쥐고 걸었다.						
STORY_PROLOGUE_13	47	NARRATION		이내 끝을 알 수 없는 웅장한 도서관의 중심부.						
STORY_PROLOGUE_13	48	NARRATION		거대한 마호가니 원목으로 만들어진 양개형 문집 앞에 도착했다. 문에는 기하학적인 나비 문양이 금빛으로 새겨져 있었다.						
STORY_PROLOGUE_13	49	DIALOGUE	CHAR_MONGGU	관장님. 기다리시던 손님들을 모셔왔습니다.		CHAR_MONGGU			몽구	
STORY_PROLOGUE_13	50	NARRATION		끼이익-						
STORY_PROLOGUE_13	51	NARRATION		육중한 문이 스스로 열리며, 보랏빛 성운이 잔잔하게 일렁이는 넓은 집무실이 모습을 드러냈다.						
STORY_PROLOGUE_13	52	NARRATION		바닥에는 핏빛 융단이 깔려 있었고, 한쪽 벽면을 가득 채운 거대한 창문 너머로는 이승에서는 볼 수 없는 우주의 별무리들이 쏟아질 듯 반짝이고 있었다.						
STORY_PROLOGUE_13	53	NARRATION		그리고 그 방의 한가운데.						
STORY_PROLOGUE_13	54	NARRATION		보랏빛 슈트에 새하얀 가면을 쓴 관장 ‘무명’이 우아한 자태로 서 있었다.						
STORY_PROLOGUE_13	55	NARRATION		무명이 쓰고 있던 중절모를 벗어 가슴에 얹으며, 낮고 몽환적인 목소리로 입을 열었다.						
STORY_PROLOGUE_13	56	DIALOGUE	CHAR_MUMYEONG	차원의 문턱을 넘느라 고생하셨습니다, P. 그리고 작은 새 여러분.		CHAR_MUMYEONG			무명	
STORY_PROLOGUE_13	57	DIALOGUE	CHAR_P	...?		CHAR_P			P	
STORY_PROLOGUE_13	58	DIALOGUE	CHAR_MUMYEONG	(가면 너머로 짙은 보랏빛 안광을 번뜩인다) 모든 빛이 꺼진 당신들의 진짜 무대, 영요서고(影謠書庫)에 오신 것을 진심으로 환영합니다.		CHAR_MUMYEONG			무명	
STORY_PROLOGUE_13	59	NARRATION		쾅-!						
STORY_PROLOGUE_13	60	NARRATION		무명의 몽환적인 환영 인사와 함께 등 뒤의 육중한 문이 굳게 닫히며, P와 아이들의 기괴한 괴담(怪談)의 첫 페이지가 비로소 펼쳐지고 있었다.						
STORY_PROLOGUE_13	61	NARRATION		[괴담 아이돌 챕터 0 完]						
